Product Name,Price,Quantity,Store,Image
CARNE MOLIDA DE RES X 500 G,10950,"500 g (g a $ 21,9)",D1,https://stockimages.tiendasd1.com/stockimages.tiendasd1.com/kobastockimages/IMAGENES/12003475.png
CHULETA DE CERDO RED CUT X 600 G,12200,"600 g (g a $ 20,33)",D1,https://stockimages.tiendasd1.com/stockimages.tiendasd1.com/kobastockimages/IMAGENES/12004198.png
COSTILLA DE CERDO RED CUT 500 G,10950,"500 g (g a $ 21,9)",D1,https://stockimages.tiendasd1.com/stockimages.tiendasd1.com/kobastockimages/IMAGENES/12005388.png
LOMO DE CERDO RED CUT 500 G,11900,"500 g (g a $ 23,8)",D1,https://stockimages.tiendasd1.com/stockimages.tiendasd1.com/kobastockimages/IMAGENES/12001637.png
MILANESA DE CERDO RED CUT 500 GR,9990,"500 g (g a $ 19,98)",D1,https://stockimages.tiendasd1.com/stockimages.tiendasd1.com/kobastockimages/IMAGENES/12001633.png
TOCINO CARNUDO 500 G,9990,"500 g (g a $ 19,98)",D1,https://stockimages.tiendasd1.com/stockimages.tiendasd1.com/kobastockimages/IMAGENES/12001763.png
CAMARÓN PRECOCIDO CAPTAIN BAY 400 G,19950,"400 g (g a $ 49,88)",D1,https://stockimages.tiendasd1.com/stockimages.tiendasd1.com/kobastockimages/IMAGENES/12001961.png
CAZUELA DE MARISCOS CAPTAIN BAY 400 G,8900,"400 g (g a $ 22,25)",D1,https://stockimages.tiendasd1.com/stockimages.tiendasd1.com/kobastockimages/IMAGENES/12002525.png
FILETES DE SALMÓN CAPTAIN BAY 350 G,21950,"350 g (g a $ 62,71)",D1,https://stockimages.tiendasd1.com/stockimages.tiendasd1.com/kobastockimages/IMAGENES/12001957.png
FILETES DE TILAPIA CAPTAIN BAY 400 G,14850,"400 g (g a $ 37,13)",D1,https://stockimages.tiendasd1.com/stockimages.tiendasd1.com/kobastockimages/IMAGENES/12001958.png
LOMITOS DE TILAPIA CAPTAIN BAY 454 G,7490,"454 g (g a $ 16,5)",D1,https://stockimages.tiendasd1.com/stockimages.tiendasd1.com/kobastockimages/IMAGENES/12004553.png
MIXTURA DE MARISCOS CAPTAIN BAY 500 GRS,10500,500 g (g a $ 21),D1,https://stockimages.tiendasd1.com/stockimages.tiendasd1.com/kobastockimages/IMAGENES/12000978.png
MOJARRAS ENTERAS CAPTAIN BAY 1000 G,16700,"1000 g (g a $ 16,7)",D1,No image found
POSTAS DE BASA CAPTAIN BAY X 400 G,7990,"400 g (g a $ 19,98)",D1,No image found
TRUCHA ARCOIRIS CAPTAIN BAY X 800 GR,23950,"800 g (g a $ 29,94)",D1,No image found
ALAS SIN COSTILLAR POLLO FIESTA X 800 G,8990,"800 g (g a $ 11,24)",D1,https://stockimages.tiendasd1.com/stockimages.tiendasd1.com/kobastockimages/IMAGENES/12004111.png
ALITAS DE POLLO BBQ BRASSET 900 G,14950,"900 g (g a $ 16,61)",D1,https://stockimages.tiendasd1.com/stockimages.tiendasd1.com/kobastockimages/IMAGENES/12001704.png
ENTREMUSLOS SIN RABADILLA BRASSET 700 G,7990,"700 g (g a $ 11,41)",D1,https://stockimages.tiendasd1.com/stockimages.tiendasd1.com/kobastockimages/IMAGENES/12001283.png
FILETES DE PECHUGA BRASSET X 600 G,16990,"600 g (g a $ 28,32)",D1,https://stockimages.tiendasd1.com/stockimages.tiendasd1.com/kobastockimages/IMAGENES/12002595.png
MEDIA GALLINA DOÑA SABROSA 800 G,9990,"800 g (g a $ 12,49)",D1,https://stockimages.tiendasd1.com/stockimages.tiendasd1.com/kobastockimages/IMAGENES/12003807.png
MEDIO POLLO MARINADO FRIKO 1250 G,13950,"1250 g (g a $ 11,16)",D1,https://stockimages.tiendasd1.com/stockimages.tiendasd1.com/kobastockimages/IMAGENES/12005102.png
MENUDENCIA FINA DE POLLO BRASSET 500 G,3650,"500 g (g a $ 7,3)",D1,No image found
MOLIPOLLO MAC POLLO 250 G,3550,"250 g (g a $ 14,2)",D1,No image found
MUSLOS DE POLLO BRASSET 700 G,8550,"700 g (g a $ 12,21)",D1,No image found
PECHUGAS DE POLLO BRASSET 1100 G,15700,"1100 g (g a $ 14,27)",D1,No image found
PINCHOS CON TOCINETA BRASSET 540G,15990,"540 g (g a $ 29,61)",D1,No image found
PINCHOS DE POLLO APANADO BRASSET 4 UND - 200 G...,5990,"200 g (g a $ 29,95)",D1,No image found
TROCITOS DE PECHUGA IMPORTADOS BRASSET 500 GRS...,9990,"500 g (g a $ 19,98)",D1,No image found
ABORRAJADO TARDES CALEÑAS 10 UND,12500,10 un (un a $ 1.250),D1,https://stockimages.tiendasd1.com/stockimages.tiendasd1.com/kobastockimages/IMAGENES/12003466.png
CROQUETA DE YUCA TOASTATAS 500 G,4490,"500 g (g a $ 8,98)",D1,https://stockimages.tiendasd1.com/stockimages.tiendasd1.com/kobastockimages/IMAGENES/12000482.png
EMPANADA CON CARNE TOASTATAS 12 UND 420 G...,8990,"420 g (g a $ 21,4)",D1,https://stockimages.tiendasd1.com/stockimages.tiendasd1.com/kobastockimages/IMAGENES/12001916.png
EMPANADAS DE QUESO TOASTATAS 10 UN X400G,10950,"400 g (g a $ 27,38)",D1,https://stockimages.tiendasd1.com/stockimages.tiendasd1.com/kobastockimages/IMAGENES/12005738.png
MILANESA DE POLLO APANADA 320 G BRASSET,7990,"320 g (g a $ 24,97)",D1,https://stockimages.tiendasd1.com/stockimages.tiendasd1.com/kobastockimages/IMAGENES/12006081.png
NUGGETS DE POLLO PREMIUM BRASSET 300 G,7700,"300 g (g a $ 25,67)",D1,https://stockimages.tiendasd1.com/stockimages.tiendasd1.com/kobastockimages/IMAGENES/12002529.png
PAPA AIRFRYER MCCAIN X 500G,12450,"500 g (g a $ 24,9)",D1,No image found
PAPAS A LA FRANCESA TOASTATAS 500 G,4990,"500 g (g a $ 9,98)",D1,No image found
AJIACO PREPARADO BON MENÚ 380 G,7990,"380 g (g a $ 21,03)",D1,https://stockimages.tiendasd1.com/stockimages.tiendasd1.com/kobastockimages/IMAGENES/12004221.png
AREPA DE HUEVO MINI TOASTATAS 6 UND 240G,7490,"240 g (g a $ 31,21)",D1,https://stockimages.tiendasd1.com/stockimages.tiendasd1.com/kobastockimages/IMAGENES/12003554.png
DEDITO DE QUESO BACKEREI 10 UND - 250 G,5990,"250 g (g a $ 23,96)",D1,https://stockimages.tiendasd1.com/stockimages.tiendasd1.com/kobastockimages/IMAGENES/12002739.png
DEDITOS DE PESCADO PESQUEROS 400 G,9990,"400 g (g a $ 24,98)",D1,https://stockimages.tiendasd1.com/stockimages.tiendasd1.com/kobastockimages/IMAGENES/12005364.png
LASAÑA BOLOÑESA BACKEREI 350 G,7990,"350 g (g a $ 22,83)",D1,https://stockimages.tiendasd1.com/stockimages.tiendasd1.com/kobastockimages/IMAGENES/12002080.png
PAN DE YUCA BACKEREI 8 UNDS 160 G,5990,"160 g (g a $ 37,44)",D1,https://stockimages.tiendasd1.com/stockimages.tiendasd1.com/kobastockimages/IMAGENES/12004870.png
CONO DE VAINILLA KÜLFI 90 G,1990,"90 g (g a $ 22,11)",D1,https://stockimages.tiendasd1.com/stockimages.tiendasd1.com/kobastockimages/IMAGENES/12005579.png
HELADO DE MACADAMIA KÜLFI,13950,"650 g (g a $ 21,46)",D1,https://stockimages.tiendasd1.com/stockimages.tiendasd1.com/kobastockimages/IMAGENES/12002664.png
HELADO DE MORA KÜLFI,13500,"650 g (g a $ 20,77)",D1,https://stockimages.tiendasd1.com/stockimages.tiendasd1.com/kobastockimages/IMAGENES/12005942.png
HELADO DE PISTACHO KÜLFI,13950,"650 g (g a $ 21,46)",D1,https://stockimages.tiendasd1.com/stockimages.tiendasd1.com/kobastockimages/IMAGENES/12006355.png
HELADO DE YOGURT CON SALSA DE MORA,13950,"650 g (g a $ 21,46)",D1,https://stockimages.tiendasd1.com/stockimages.tiendasd1.com/kobastockimages/IMAGENES/12003451.png
HELADO VAINILLA GALLETA CHOC KÜLFI,13950,"650 g (g a $ 21,46)",D1,https://stockimages.tiendasd1.com/stockimages.tiendasd1.com/kobastockimages/IMAGENES/12002267.png
HELADO VAINILLA KÜLFI,13950,"650 g (g a $ 21,46)",D1,No image found
HELADOS DE CREMA KULFI 3 UND X 100 G,13950,3 un (un a $ 4.650),D1,No image found
PALETA DE FRUTAS TREEFRUTS 70 G 6 UND,11500,"6 un (un a $ 1.916,67)",D1,No image found
TORTA DE HELADO KÜLFI 450 GRS,14600,"450 g (g a $ 32,44)",D1,No image found
VASITO DE HELADO KÜLFI 65 G,2990,65 g (g a $ 46),D1,No image found
TORTA DE HELADO KÜLFI 480G,19950,"480 g (g a $ 41,56)",D1,No image found
HELADO KÜLFI TRI,13950,"650 g (g a $ 21,46)",D1,No image found
CONO KÜLFILATTO 75 G,2990,"75 g (g a $ 39,87)",D1,No image found
ARVEJA VERDE CONGELADA 500 G,5990,"500 g (g a $ 11,98)",D1,https://stockimages.tiendasd1.com/stockimages.tiendasd1.com/kobastockimages/IMAGENES/12006025.png
FRESA CONGELADA TREE FRUTS 500 G,5990,"500 g (g a $ 11,98)",D1,https://stockimages.tiendasd1.com/stockimages.tiendasd1.com/kobastockimages/IMAGENES/12002531.png
MAIZ CONGELADO X 500 GR,5990,"500 g (g a $ 11,98)",D1,https://stockimages.tiendasd1.com/stockimages.tiendasd1.com/kobastockimages/IMAGENES/12005604.png
MEZCLA DE VERDURAS WOK COOLTIVO 400 G,6490,"400 g (g a $ 16,23)",D1,https://stockimages.tiendasd1.com/stockimages.tiendasd1.com/kobastockimages/IMAGENES/12003148.png
MIX DE VERDURAS COOLTIVO 500 G,5700,"500 g (g a $ 11,4)",D1,https://stockimages.tiendasd1.com/stockimages.tiendasd1.com/kobastockimages/IMAGENES/12002532.png
MORA CONGELADA TREE FRUTS 500 G,5990,"500 g (g a $ 11,98)",D1,https://stockimages.tiendasd1.com/stockimages.tiendasd1.com/kobastockimages/IMAGENES/12002530.png
PULPA DE FRUTA SABORES SURTIDOS TREE FRUTS 3 UN...,5490,"480 g (g a $ 11,44)",D1,No image found
MAÍZ DULCE CONGELADO COOLTIVO 500G,5990,"500 g (g a $ 11,98)",D1,No image found
ARVEJA VERDE CONGELADA COOLTIVO 500 G,5990,"500 g (g a $ 11,98)",D1,No image found
BROCOLI CONGELADO COOLTIVO 500G,6990,"500 g (g a $ 13,98)",D1,No image found
BASE SALSA BECHAMEL/CARBONARA RICO 50G,2700,50 g (g a $ 54),D1,https://stockimages.tiendasd1.com/stockimages.tiendasd1.com/kobastockimages/IMAGENES/12002681.png
BASE SALSA BOLOGNESA/NAPOLITANA RICO 48G,2700,50 g (g a $ 54),D1,https://stockimages.tiendasd1.com/stockimages.tiendasd1.com/kobastockimages/IMAGENES/12002266.png
CALDO DE COSTILLA SPECIARIA 84 G 8 CUBOS,1990,"84 g (g a $ 23,69)",D1,https://stockimages.tiendasd1.com/stockimages.tiendasd1.com/kobastockimages/IMAGENES/12002007.png
CALDO DE GALLINA SPECIARIA 8 UND - 84 G,1990,"84 g (g a $ 23,69)",D1,https://stockimages.tiendasd1.com/stockimages.tiendasd1.com/kobastockimages/IMAGENES/12001009.png
CALDO DE GALLINA MAGGI 10 UND 110 G,3990,"110 g (g a $ 36,27)",D1,https://stockimages.tiendasd1.com/stockimages.tiendasd1.com/kobastockimages/IMAGENES/12002946.png
CREMA DE POLLO RICO 42G,1650,"42 g (g a $ 39,29)",D1,https://stockimages.tiendasd1.com/stockimages.tiendasd1.com/kobastockimages/IMAGENES/12006344.png
CREMA POLLO CHAMPIÑONES RICO 42G,1650,"42 g (g a $ 39,29)",D1,No image found
SOPA DE AJIACO RICO 42G,1390,"42 g (g a $ 33,1)",D1,No image found
SOPA DE CHOCLO RICO 42G,1390,"42 g (g a $ 33,1)",D1,No image found
CALDO DESMENUZADO GALLINA SPECIARIA 12 U,2990,"110 g (g a $ 27,18)",D1,No image found
AJO GRANULADO SPECIARIA 28 G,1990,"28 g (g a $ 71,07)",D1,https://stockimages.tiendasd1.com/stockimages.tiendasd1.com/kobastockimages/IMAGENES/12003293.png
BICARBONATO DE SODIO SPECIARIA 200 GR,2300,"200 g (g a $ 11,5)",D1,https://stockimages.tiendasd1.com/stockimages.tiendasd1.com/kobastockimages/IMAGENES/12003098.png
CALDO CON COSTILLA MAGGI 10 UND 110G,3990,"110 g (g a $ 36,27)",D1,https://stockimages.tiendasd1.com/stockimages.tiendasd1.com/kobastockimages/IMAGENES/12006292.png
CANELA EN ASTILLAS SPECIARIA 20 GR,2200,20 g (g a $ 110),D1,https://stockimages.tiendasd1.com/stockimages.tiendasd1.com/kobastockimages/IMAGENES/12003388.png
CANELA MOLIDA PURA SPECIARIA 28 G,2490,"28 g (g a $ 88,93)",D1,https://stockimages.tiendasd1.com/stockimages.tiendasd1.com/kobastockimages/IMAGENES/12003282.png
CLAVO ENTERO SPECIARIA 20 G,2200,20 g (g a $ 110),D1,https://stockimages.tiendasd1.com/stockimages.tiendasd1.com/kobastockimages/IMAGENES/12003894.png
COLORANTE NATURAL CURCUMA SPECIARIA 28 G,1990,"28 g (g a $ 71,07)",D1,No image found
COMINO SPECIARIA 28 G,1990,"28 g (g a $ 71,07)",D1,No image found
CURRY EN POLVO SPECIARIA 28 G,1900,"28 g (g a $ 67,86)",D1,No image found
JENGIBRE EN POLVO SPECIARIA 28 G,1990,"28 g (g a $ 71,07)",D1,No image found
LAUREL SPECIARIA 20 G,1750,"20 g (g a $ 87,5)",D1,No image found
MEZCLA CONDIMENTOS SAZONAREY 35 G,1000,"35 g (g a $ 28,57)",D1,No image found
MEZCLA PARA ADOBAR DELIKA 110 G,2490,"110 g (g a $ 22,64)",D1,No image found
OREGANO SPECIARIA 20 G,1990,"20 g (g a $ 99,5)",D1,No image found
PAPRIKA SPECIARIA 28 G,1600,"28 g (g a $ 57,14)",D1,No image found
PASTA DE AJO DELIKA 110 G,2490,"110 g (g a $ 22,64)",D1,No image found
PASTA DE CEBOLLA LARGA DELIKA 110 G,2490,"110 g (g a $ 22,64)",D1,No image found
PASTA DE PIMENTÓN DELIKA 110 G,2490,"110 g (g a $ 22,64)",D1,No image found
PIMIENTA MOLIDA SPECIARIA 28 G,1490,"28 g (g a $ 53,21)",D1,No image found
SAL REFISAL 1000 G,2490,"1000 g (g a $ 2,49)",D1,No image found
SEMILLAS SPECIARIA 150G,5990,"150 g (g a $ 39,93)",D1,No image found
TOMILLO SPECIARIA 20 G,2200,20 g (g a $ 110),D1,No image found
COLOR ESPECIARIA 40 G,990,"40 g (g a $ 24,75)",D1,No image found
ACEITUNA DES/PIMIEN BOLSA AINOA 180 GR,3300,"180 g (g a $ 18,33)",D1,https://stockimages.tiendasd1.com/stockimages.tiendasd1.com/kobastockimages/IMAGENES/12000914.png
ACEITUNA EN LATA AINOA 200 GR,4350,"85 g (g a $ 51,18)",D1,https://stockimages.tiendasd1.com/stockimages.tiendasd1.com/kobastockimages/IMAGENES/12000915.png
ALCAPARRAS EN VINAGRE AINOA 125 GR,3990,"65 g (g a $ 61,38)",D1,https://stockimages.tiendasd1.com/stockimages.tiendasd1.com/kobastockimages/IMAGENES/12000417.png
ATÚN ACEITE DE OLIVA CARLO FORTE 160 G,7490,"104 g (g a $ 72,02)",D1,https://stockimages.tiendasd1.com/stockimages.tiendasd1.com/kobastockimages/IMAGENES/12000590.png
ATÚN EN ACEITE CARLO FORTE 170 G NETO,5450,"110.5 g (g a $ 49,32)",D1,https://stockimages.tiendasd1.com/stockimages.tiendasd1.com/kobastockimages/IMAGENES/12004360.png
ATÚN EN AGUA CARLO FORTE 170 G NETO,4450,"110.5 g (g a $ 40,27)",D1,https://stockimages.tiendasd1.com/stockimages.tiendasd1.com/kobastockimages/IMAGENES/12004370.png
ATÚN RALLADO EL NAVÍO 170 G,3450,"111 g (g a $ 31,08)",D1,No image found
CEREZAS MARRASCHINO AINOA 125 G,5250,75 g (g a $ 70),D1,No image found
CHAMPIÑONES TAJADOS COOLTIVO 280 G,5200,"170 g (g a $ 30,59)",D1,No image found
CHILE CON CARNE CRACHOS 300 G,6950,"300 g (g a $ 23,17)",D1,No image found
CONSERVA DE PESCADO CARLO FORTE 400 GRS,6990,"400 g (g a $ 17,48)",D1,No image found
CONSERVA DE PESCADO EN TINAPA 155 G NETO,3700,"101 g (g a $ 36,63)",D1,No image found
DUOPACK ATÚN A.OLIVA CF 160 G NETO,7990,"104 g (g a $ 76,83)",D1,No image found
DUOPACK ATÚN EN AGUA C F 160 G NETO,6990,"104 g (g a $ 67,21)",D1,No image found
DURAZNO EN ALMÍBAR COOLTIVO 820 G,10950,"470 g (g a $ 23,3)",D1,No image found
ENSALADA ATÚN CON VEGETALES Y MAÍZ CARLO FORTE ...,5990,"120 g (g a $ 49,92)",D1,No image found
ENSALADA CAMPESINA COOLTIVO 300 G,4400,"190 g (g a $ 23,16)",D1,No image found
FRIJOL REFRITO CRACHOS 300 G,6950,"300 g (g a $ 23,17)",D1,No image found
FRÍJOLES ANTIOQUEÑOS COOLTIVO 300G,5450,"300 g (g a $ 18,17)",D1,No image found
LYCHEES EN CONSERVA COOLTIVO 567 G NETOS,11950,"230 g (g a $ 51,96)",D1,No image found
MAÍZ TIERNO COOLTIVO 340 G,4990,"285 g (g a $ 17,51)",D1,No image found
PIMENTONES ASADOS 185G,6990,"185 g (g a $ 37,78)",D1,No image found
PIÑA EN TROZOS AINOA 520 G,7950,"312 g (g a $ 25,48)",D1,No image found
SALCHICHA VIENA VIANDÉ 150 G,3200,"95 g (g a $ 33,68)",D1,No image found
TOMATES ENTEROS PELADOS DELIZIARE 400 G,4490,"240 g (g a $ 18,71)",D1,No image found
TOMATES SECOS AINOA 180 G,9250,"100 g (g a $ 92,5)",D1,No image found
CABELLO DE ÁNGEL CAPRÍSSIMA 250 GRS,1250,250 g (g a $ 5),D1,https://stockimages.tiendasd1.com/stockimages.tiendasd1.com/kobastockimages/IMAGENES/12000103.png
CABELLO DE ÁNGEL DORIA 250 G,2150,"250 g (g a $ 8,6)",D1,https://stockimages.tiendasd1.com/stockimages.tiendasd1.com/kobastockimages/IMAGENES/12003263.png
CONCHA CAPRÍSSIMA 250 GRS,1250,250 g (g a $ 5),D1,https://stockimages.tiendasd1.com/stockimages.tiendasd1.com/kobastockimages/IMAGENES/12000067.png
CONCHAS DORIA 250 G,2150,"250 g (g a $ 8,6)",D1,https://stockimages.tiendasd1.com/stockimages.tiendasd1.com/kobastockimages/IMAGENES/12003260.png
FUSILLI DELIZIARE X 500 G,3990,"500 g (g a $ 7,98)",D1,https://stockimages.tiendasd1.com/stockimages.tiendasd1.com/kobastockimages/IMAGENES/12005193.png
MACARRÓN CON SALSA DE QUESO DORIA 210 G,3990,210 g (g a $ 19),D1,https://stockimages.tiendasd1.com/stockimages.tiendasd1.com/kobastockimages/IMAGENES/12003335.png
PENNE DELIZIARE 500 G,3990,"500 g (g a $ 7,98)",D1,No image found
SPAGUETTI CAPRÍSSIMA 250 GRS,1250,250 g (g a $ 5),D1,No image found
SPAGHETTI DELIZIARE 500 G,3990,"500 g (g a $ 7,98)",D1,No image found
SPAGHETTI DORIA 250 G,2150,"250 g (g a $ 8,6)",D1,No image found
FIDEOS DORIA 250 GRS,2150,"250 g (g a $ 8,6)",D1,No image found
ARROZ DIANA 500 G,2100,"500 g (g a $ 4,2)",D1,https://stockimages.tiendasd1.com/stockimages.tiendasd1.com/kobastockimages/IMAGENES/12002073.png
ARROZ ECONÓMICO 2000 GRS,7000,"2000 g (g a $ 3,5)",D1,https://stockimages.tiendasd1.com/stockimages.tiendasd1.com/kobastockimages/IMAGENES/12002541.png
ARROZ ECONÓMICO 454 GRS,1600,"454 g (g a $ 3,52)",D1,https://stockimages.tiendasd1.com/stockimages.tiendasd1.com/kobastockimages/IMAGENES/12000208.png
ARROZ ESTÁNDAR 2500G,9650,"2500 g (g a $ 3,86)",D1,https://stockimages.tiendasd1.com/stockimages.tiendasd1.com/kobastockimages/IMAGENES/12005770.png
ARROZ ESTÁNDAR 500 GRS,1950,"500 g (g a $ 3,9)",D1,https://stockimages.tiendasd1.com/stockimages.tiendasd1.com/kobastockimages/IMAGENES/12000051.png
ARROZ INTEGRAL DIANA 1.000 G,4500,"1000 g (g a $ 4,5)",D1,https://stockimages.tiendasd1.com/stockimages.tiendasd1.com/kobastockimages/IMAGENES/12003653.png
ARROZ PREMIUM 1000 GRS,4700,"1000 g (g a $ 4,7)",D1,No image found
ARROZ PREMIUM 2500 G,11750,"2500 g (g a $ 4,7)",D1,No image found
ARROZ SABOR A COCO DIANA 1.000 G,6300,"1000 g (g a $ 6,3)",D1,No image found
ARVEJA EL ESTIO 500 GRS,1990,"500 g (g a $ 3,98)",D1,No image found
AZÚCAR BLANCA 1000 GRS,4600,"1000 g (g a $ 4,6)",D1,No image found
AZÚCAR MORENA 1000 GRS,4900,"1000 g (g a $ 4,9)",D1,No image found
ENDULZANTE CON STEVIA NATRI 180 G,6150,"180 g (g a $ 34,17)",D1,No image found
ENDULZANTE FRASCO 180 GRS,4990,"180 g (g a $ 27,72)",D1,No image found
FRÍJOL BOLÓN ROJO EL ESTÍO 500 G,5400,"500 g (g a $ 10,8)",D1,No image found
FRÍJOL CARAOTA GRANIPACK 500 G,3290,"500 g (g a $ 6,58)",D1,No image found
FRÍJOL CARGAMANTO BLANCO EL ESTÍO 500 GR,6550,"500 g (g a $ 13,1)",D1,No image found
FRÍJOL CARGAMANTO ROJO EL ESTÍO 500 GRS,5200,"500 g (g a $ 10,4)",D1,No image found
GARBANZO EL ESTÍO 500 GRS,2990,"500 g (g a $ 5,98)",D1,No image found
LENTEJA EL ESTÍO 500 GRS,3500,500 g (g a $ 7),D1,No image found
MAÍZ PIRA EL ESTÍO 500 GRS,2250,"500 g (g a $ 4,5)",D1,No image found
PANELA PASTILLA 1000 G,6200,"1000 g (g a $ 6,2)",D1,No image found
PANELA PULVERIZADA EL REFUGIO 500 G,3300,"500 g (g a $ 6,6)",D1,No image found
PANELA TRONQUITOS X 900 G,6990,"900 g (g a $ 7,77)",D1,No image found
GRANO ENTERO DE QUINUA 300G,5250,"300 g (g a $ 17,5)",D1,https://stockimages.tiendasd1.com/stockimages.tiendasd1.com/kobastockimages/IMAGENES/12003645.png
HARINA DE MAIZ AMARILLA PAN 800 G,2700,"800 g (g a $ 3,38)",D1,https://stockimages.tiendasd1.com/stockimages.tiendasd1.com/kobastockimages/IMAGENES/12005432.png
HARINA DE MAIZ AMARILLO QUICKSY 1000 G,2550,"1000 g (g a $ 2,55)",D1,https://stockimages.tiendasd1.com/stockimages.tiendasd1.com/kobastockimages/IMAGENES/12001209.png
HARINA DE MAIZ BLANCA PAN 800 G,2700,"800 g (g a $ 3,38)",D1,https://stockimages.tiendasd1.com/stockimages.tiendasd1.com/kobastockimages/IMAGENES/12005433.png
HARINA DE MAIZ BLANCO QUICKSY 1000 G,2550,"1000 g (g a $ 2,55)",D1,https://stockimages.tiendasd1.com/stockimages.tiendasd1.com/kobastockimages/IMAGENES/12001208.png
HARINA DE TRIGO CON POLVO PARA HORNEAR,2190,"500 g (g a $ 4,38)",D1,https://stockimages.tiendasd1.com/stockimages.tiendasd1.com/kobastockimages/IMAGENES/12003539.png
HARINA DE TRIGO QUICKSY 500 G,1800,"500 g (g a $ 3,6)",D1,No image found
MAIZENA FECULA DE MAÍZ 200G,6500,"200 g (g a $ 32,5)",D1,No image found
MEZCLA DE AVENA PARA PANCAKES 300 GR,3650,"300 g (g a $ 12,17)",D1,No image found
PREMEZCLA GALLETAS MANTEQUILLA 350 G,4400,"350 g (g a $ 12,57)",D1,No image found
PREMEZCLA PARA PANCAKES QUICKSY 300 G,3990,"300 g (g a $ 13,3)",D1,No image found
PREMEZCLA TORTA NARANJA QUICKSY 400 G,5250,"400 g (g a $ 13,13)",D1,No image found
PREMEZCLA TORTA VAINILLA QUICKSY 400 G,5250,"400 g (g a $ 13,13)",D1,No image found
ACEITE DE CANOLA DON OLIO 2000 ML,25950,"2000 ml (ml a $ 12,97)",D1,https://stockimages.tiendasd1.com/stockimages.tiendasd1.com/kobastockimages/IMAGENES/12001019.png
ACEITE DE CANOLA DON OLIO 900 ML,11950,"900 ml (ml a $ 13,28)",D1,https://stockimages.tiendasd1.com/stockimages.tiendasd1.com/kobastockimages/IMAGENES/12004356.png
ACEITE DE COCO VIRGEN NATRI 210 ML,9990,"210 ml (ml a $ 47,57)",D1,https://stockimages.tiendasd1.com/stockimages.tiendasd1.com/kobastockimages/IMAGENES/12001926.png
ACEITE DE GIRASOL DON OLIO 900 ML,8350,"900 ml (ml a $ 9,28)",D1,https://stockimages.tiendasd1.com/stockimages.tiendasd1.com/kobastockimages/IMAGENES/12004357.png
ACEITE DE GIRASOL DON OLIO 2000ML,17950,"2000 ml (ml a $ 8,97)",D1,https://stockimages.tiendasd1.com/stockimages.tiendasd1.com/kobastockimages/IMAGENES/12000775.png
ACEITE OLIVA EXTRAVIR CASTELL D F 250,12990,"250 ml (ml a $ 51,96)",D1,https://stockimages.tiendasd1.com/stockimages.tiendasd1.com/kobastockimages/IMAGENES/12005943.png
ACEITE OLIVA EXTRAVIRGEN CASTELL DEL FERRO 500 ...,21950,"500 ml (ml a $ 43,9)",D1,No image found
ACEITE SPRAY CANOLA DON OLIO 180 ML,11950,"180 ml (ml a $ 66,39)",D1,No image found
ACEITE VEGETAL - SOYA 3000 Ml,27950,"3000 ml (ml a $ 9,32)",D1,No image found
ACEITE VEGETAL - SOYA 900 Ml,8990,"900 ml (ml a $ 9,99)",D1,No image found
ACEITE VEGETAL IMATÁ 3.000 ML,20990,3000 ml (ml a $ 7),D1,No image found
ACEITE VEGETAL IMATÁ 900 ML,6990,"900 ml (ml a $ 7,77)",D1,No image found
BARRA ESPARCIBLE DON OLIO 125 G ,1350,"125 g (g a $ 10,8)",D1,No image found
ESPARCIBLE DE CANOLA DON OLIO 250 G,4600,"250 g (g a $ 18,4)",D1,No image found
 ESPARCIBLE DON OLIO LIGHT 250 G,4800,"250 g (g a $ 19,2)",D1,No image found
ESPARCIBLE MULTIUSOS RAMA 250 G,4700,"250 g (g a $ 18,8)",D1,No image found
ESPARCIBLE VEGETAL DON OLIO 500 G ,7450,"500 g (g a $ 14,9)",D1,No image found
MANTEQUILLA CLARIFICADA GHEE NATRI 180GR,11950,"180 g (g a $ 66,39)",D1,No image found
ACEITE DE AGUACATE NATRI 230ML,13950,"230 ml (ml a $ 60,65)",D1,No image found
AJÍ PICANTE MASH 250 G,3990,"250 g (g a $ 15,96)",D1,https://stockimages.tiendasd1.com/stockimages.tiendasd1.com/kobastockimages/IMAGENES/12000639.png
BASE SALSA POLLO CHAMP/GULASH RICO 45 R,2700,50 g (g a $ 54),D1,https://stockimages.tiendasd1.com/stockimages.tiendasd1.com/kobastockimages/IMAGENES/12006542.png
CREMA DE ALMENDRAS S/A NUTHOS 160G,14950,"160 g (g a $ 93,44)",D1,https://stockimages.tiendasd1.com/stockimages.tiendasd1.com/kobastockimages/IMAGENES/12003546.png
ESENCIA DE VAINILLA SPECIARIA 155ML,2990,"155 ml (ml a $ 19,29)",D1,https://stockimages.tiendasd1.com/stockimages.tiendasd1.com/kobastockimages/IMAGENES/12003758.png
GUACAMOLE CRACHOS 200 G,3600,200 g (g a $ 18),D1,https://stockimages.tiendasd1.com/stockimages.tiendasd1.com/kobastockimages/IMAGENES/12000295.png
MAYONESA BAJA EN GRASA ZEV 500 G,3790,"500 g (g a $ 7,58)",D1,https://stockimages.tiendasd1.com/stockimages.tiendasd1.com/kobastockimages/IMAGENES/12000305.png
MAYONESA CON MOSTAZA ZEV 200 GRS,3300,"200 g (g a $ 16,5)",D1,No image found
MAYONESA FRUCO 480 G,10800,"480 g (g a $ 22,5)",D1,No image found
MERMELADA DE MORA ZEV 200 G,2490,"200 g (g a $ 12,45)",D1,No image found
MERMELADA SIN AZUCAR NATRI 220GR,5600,"220 g (g a $ 25,45)",D1,No image found
MERMELADA SURTIDA TRADICIÓN 1915 300GR,7600,"300 g (g a $ 25,33)",D1,No image found
MIEL DE ABEJAS MEEL 350 G,8900,"350 g (g a $ 25,43)",D1,No image found
MOSTAZA ZEV 200 G,2300,"200 g (g a $ 11,5)",D1,No image found
PASTA DE TOMATE ZEV 200 G,2800,200 g (g a $ 14),D1,No image found
SALSA BBQ MASH 550 G,6450,"550 g (g a $ 11,73)",D1,No image found
SALSA BOLOÑESA DELIZIARE 400 G,7900,"400 g (g a $ 19,75)",D1,No image found
SALSA BUFFALO WING ZEV 170 G,4400,"170 g (g a $ 25,88)",D1,No image found
SALSA CREMA AHUMADA ZEV 200GR,3490,"200 g (g a $ 17,45)",D1,No image found
SALSA DE AJÍ PICANTE MASH 175 GR,2600,"175 g (g a $ 14,86)",D1,No image found
SALSA DE PIÑA ZEV X 200 GR,2800,200 g (g a $ 14),D1,No image found
SALSA DE QUESO CRACHOS 200 G,4600,200 g (g a $ 23),D1,No image found
SALSA DE SOYA ZEV 178 ML,1700,"178 ml (ml a $ 9,55)",D1,No image found
SALSA DE TOMATE FRUCO 650G,11950,"650 g (g a $ 18,38)",D1,No image found
SALSA DE TOMATE OPALKO 390 GR,5990,"390 g (g a $ 15,36)",D1,No image found
SALSA DE TOMATE ZEV 500 G,4490,"500 g (g a $ 8,98)",D1,No image found
SALSA MAÍZ DULCE ZEV 200GR,3490,"200 g (g a $ 17,45)",D1,No image found
SALSA MAYOMOSTAZA  ESPECIAS ZEV MOUSTY 200G...,3300,"200 g (g a $ 16,5)",D1,No image found
SALSA MAYOMOSTAZA CON ESPECIAS SHOWY 200 GR...,4990,"200 g (g a $ 24,95)",D1,No image found
SALSA MAYONESA CON CHIPOTLE 350G,5490,"350 g (g a $ 15,69)",D1,No image found
SALSA MEXICANA CRACHOS 220 G,5990,"220 g (g a $ 27,23)",D1,No image found
SALSA MIEL MOSTAZA ZEV 200GR,3300,"200 g (g a $ 16,5)",D1,No image found
SALSA NAPOLITANA DELIZIARE 400 G,6600,"400 g (g a $ 16,5)",D1,No image found
SALSA NEGRA ZEV 190 G,1990,"190 g (g a $ 10,47)",D1,No image found
SALSA PARA CARNES ZEV 195 G,2100,"195 g (g a $ 10,77)",D1,No image found
SALSA PARA HELADO KULFI 200G,3500,"200 g (g a $ 17,5)",D1,No image found
SALSA PESTO VERDE x190g,7990,"190 g (g a $ 42,05)",D1,No image found
SALSA ROSADA ZEV 200 G,1950,"200 g (g a $ 9,75)",D1,No image found
SALSA TÁRTARA ZEV 200GR,2700,"200 g (g a $ 13,5)",D1,No image found
SALSA TERIYAKI ZEV 190 GR,2650,"190 g (g a $ 13,95)",D1,No image found
SALSA TIPO GUACAMOLE ZEV 200G,3490,"200 g (g a $ 17,45)",D1,No image found
SYRUP QUICKSY 355 ML,6200,"355 ml (ml a $ 17,46)",D1,No image found
VINAGRE BALSAMICO DELIZIARE X 250 ML,7990,"250 ml (ml a $ 31,96)",D1,No image found
VINAGRE BLANCO ZEV 1000 ML,2850,"1000 ml (ml a $ 2,85)",D1,No image found
VINAGRE DE SIDRA DE MANZANA NATRI 250ML,3990,"250 ml (ml a $ 15,96)",D1,No image found
VINAGRETA LIGHT ZEV,4990,"255 g (g a $ 19,57)",D1,No image found
VINAGRETA RANCH ZEV X 240 GR,3990,"240 g (g a $ 16,63)",D1,No image found
SALSA DE CIRUELA ZEV 200G,2990,"200 g (g a $ 14,95)",D1,No image found
CIRUELA IMPORTADA X 500 GRS,10400,"500 g (g a $ 20,8)",D1,https://stockimages.tiendasd1.com/stockimages.tiendasd1.com/kobastockimages/IMAGENES/12002024.png
AGUACATE UNIDAD,5800,1 un (un a $ 5.800),D1,https://stockimages.tiendasd1.com/stockimages.tiendasd1.com/kobastockimages/IMAGENES/12002754.png
AHUYAMA VARIEDAD UNIDAD,2050,1 un (un a $ 2.050),D1,https://stockimages.tiendasd1.com/stockimages.tiendasd1.com/kobastockimages/IMAGENES/12006188.png
AJO MALLA 3 UNIDADES - 100 G,1400,100 g (g a $ 14),D1,https://stockimages.tiendasd1.com/stockimages.tiendasd1.com/kobastockimages/IMAGENES/12002709.png
ARÁNDANOS 125 G,5990,"125 g (g a $ 47,92)",D1,https://stockimages.tiendasd1.com/stockimages.tiendasd1.com/kobastockimages/IMAGENES/12002590.png
BANANO UNIDAD,450,1 un (un a $ 450),D1,https://stockimages.tiendasd1.com/stockimages.tiendasd1.com/kobastockimages/IMAGENES/12005468.png
CEBOLLA CABEZONA X 1000G,2450,"1000 g (g a $ 2,45)",D1,No image found
CEBOLLA LARGA 500 GR,2990,"500 g (g a $ 5,98)",D1,No image found
CHAMPIÑON 250 GR,7200,"250 g (g a $ 28,8)",D1,No image found
CRISTAL DE SÁBILA 250G,3400,"250 un (un a $ 13,6)",D1,No image found
KIWI ESTUCHE X 400 G,7990,"400 g (g a $ 19,98)",D1,No image found
LECHUGA VERDE CRESPA X 180 G,1990,"180 g (g a $ 11,06)",D1,No image found
LIMON TAHITI X 1000 GR,3990,"1000 g (g a $ 3,99)",D1,No image found
MANGO VARIEDAD UNIDAD,2990,1 un (un a $ 2.990),D1,No image found
MANZANA ROYAL GALA 1000 GRS,9990,"1000 g (g a $ 9,99)",D1,No image found
MANZANA VERDE 850 G,9300,"850 g (g a $ 10,94)",D1,No image found
NARANJA X 2000 GR,5600,"2000 g (g a $ 2,8)",D1,No image found
PAPA CAPIRA X 2500 G,9950,"2500 g (g a $ 3,98)",D1,No image found
PAPAYA UNIDAD,6100,1 un (un a $ 6.100),D1,No image found
PERA VERDE IMPORTADA 1000 G,10950,"1000 g (g a $ 10,95)",D1,No image found
PIMENTÓN UNIDAD,1600,1 un (un a $ 1.600),D1,No image found
PIÑAS GOLDEN UNIDAD,6100,1 un (un a $ 6.100),D1,No image found
PLÁTANO HARTÓN 1000 G,3150,"1000 g (g a $ 3,15)",D1,No image found
TOMATE CHERRY 250 GR,3990,"250 g (g a $ 15,96)",D1,No image found
TOMATE CHONTO X 1000 G,2990,"1000 g (g a $ 2,99)",D1,No image found
TOMATE DE ARBOL X 1000G,4600,"1000 g (g a $ 4,6)",D1,No image found
UVAS IMPORTADAS RED GLOBE 500 G X 1 UND,8990,"500 g (g a $ 17,98)",D1,No image found
ZANAHORIA X 1000 G,2900,"1000 g (g a $ 2,9)",D1,No image found
MANDARINA IMPORTADA X 600G,6990,"600 g (g a $ 11,65)",D1,No image found
PAPA MINI X 1000G,2300,"1000 g (g a $ 2,3)",D1,No image found
UVA VERDE SIN SEMILLA 400G,10600,"400 g (g a $ 26,5)",D1,No image found
ESPINACA X 200G,2900,"200 g (g a $ 14,5)",D1,No image found
HUEVOS DE CODORNIZ SOL NACIENTE 24 UND,5300,"24 un (un a $ 220,83)",D1,https://stockimages.tiendasd1.com/stockimages.tiendasd1.com/kobastockimages/IMAGENES/12000303.png
HUEVO TIPO A SOL NACIENTE 30 UND,12990,30 un (un a $ 433),D1,https://stockimages.tiendasd1.com/stockimages.tiendasd1.com/kobastockimages/IMAGENES/12000344.png
HUEVO TIPO AA SOL NACIENTE 12 UND,6990,"12 un (un a $ 582,5)",D1,https://stockimages.tiendasd1.com/stockimages.tiendasd1.com/kobastockimages/IMAGENES/12000291.png
HUEVOS TIPO L KIKES 30 UND,19990,"30 un (un a $ 666,33)",D1,https://stockimages.tiendasd1.com/stockimages.tiendasd1.com/kobastockimages/IMAGENES/12006002.png
ALBONDIGON VIANDE X 450 GRS,6990,"450 g (g a $ 15,53)",D1,https://stockimages.tiendasd1.com/stockimages.tiendasd1.com/kobastockimages/IMAGENES/12002502.png
BUTIFARRA VIANDE 500 G,6990,"500 g (g a $ 13,98)",D1,https://stockimages.tiendasd1.com/stockimages.tiendasd1.com/kobastockimages/IMAGENES/12002503.png
CABANO VIANDE 68 GR X 4 UD,3750,"68 g (g a $ 55,15)",D1,https://stockimages.tiendasd1.com/stockimages.tiendasd1.com/kobastockimages/IMAGENES/12003468.png
CHORIZO CAMPESINO AHUMADO VIANDÉ 225 GRS,4490,"225 g (g a $ 19,96)",D1,https://stockimages.tiendasd1.com/stockimages.tiendasd1.com/kobastockimages/IMAGENES/12000081.png
CHORIZO CON TERNERA VIANDÉ 225G,6990,"225 g (g a $ 31,07)",D1,https://stockimages.tiendasd1.com/stockimages.tiendasd1.com/kobastockimages/IMAGENES/12006286.png
CHORIZO SANTARROSANO VIANDÉ 225 G,6990,"225 g (g a $ 31,07)",D1,https://stockimages.tiendasd1.com/stockimages.tiendasd1.com/kobastockimages/IMAGENES/12000298.png
CHORIZO VELA + SALAMI LOURISIERRA 80 G,7990,"80 g (g a $ 99,88)",D1,No image found
COMBO TRADICIONAL VIANDE 900 GR,10950,"900 g (g a $ 12,17)",D1,No image found
COSTILLA DE CERDO AHUMADA BIG BOB 450 G,15950,"450 g (g a $ 35,44)",D1,No image found
HAMBURGUESA DE RES VIANDÉ 450 G,9900,450 g (g a $ 22),D1,No image found
HAMBURGUESA RANCHERA 400 G,19490,"400 g (g a $ 48,73)",D1,No image found
JAMON ASADO AL HORNO CENTURION 100G,9900,100 g (g a $ 99),D1,No image found
JAMON PERNIL CERDO PREMIUM VIANDÉ 250 G,9990,"250 g (g a $ 39,96)",D1,No image found
JAMÓN DE CERDO PREMIUM VIANDÉ 300 G,8500,"300 g (g a $ 28,33)",D1,No image found
JAMÓN DE CERDO VIANDÉ 400 GRS,7990,"400 g (g a $ 19,98)",D1,No image found
JAMÓN DE PAVO WHITE HOLLAND 225 G,10950,"225 g (g a $ 48,67)",D1,No image found
JAMÓN DE POLLO PREMIUM BRAKEL 250 G,6990,"250 g (g a $ 27,96)",D1,No image found
JAMON DE PAVO FINAS HIERBAS,11500,"227 g (g a $ 50,66)",D1,No image found
JAMON PECHUGA PAVO WHITE HOLLAND X 230 G,11550,"230 g (g a $ 50,22)",D1,No image found
JAMÓN PIETRÁN ESTANDAR 230G,11700,"230 g (g a $ 50,87)",D1,No image found
JAMON SERRANO 80 GRS,7990,"80 g (g a $ 99,88)",D1,No image found
MORCILLA VIANDÉ 500 GRS,6990,"500 g (g a $ 13,98)",D1,No image found
MORTADELA CERVECERA VIANDÉ 225G,4990,"225 g (g a $ 22,18)",D1,No image found
MORTADELA FINA VIANDÉ 225 GRS,2490,"225 g (g a $ 11,07)",D1,No image found
MORTADELA POLLO PREMIUM BRAKEL 250 G,3990,"250 g (g a $ 15,96)",D1,No image found
MORTADELA TRADICIONAL SUPER COMBO VIANDE,1590,"225 g (g a $ 7,07)",D1,No image found
PEPPERONI TAJADO VALDECAVA 60 GR,4490,"60 g (g a $ 74,83)",D1,No image found
SALCHICHA MINIMANGUERA VIANDÉ 480 G,5990,"480 g (g a $ 12,48)",D1,No image found
SALCHICHA PARRILLA VIANDE 400 G,8490,"400 g (g a $ 21,23)",D1,No image found
SALCHICHA PERRO CALIENTE ZENU X 240G,8490,"240 g (g a $ 35,38)",D1,No image found
SALCHICHA PERRO VIANDÉ 240G,6190,"240 g (g a $ 25,79)",D1,No image found
SALCHICHA RANCHERA X 230 G X 7 UD,10950,"230 g (g a $ 47,61)",D1,No image found
SALCHICHA SÚPER PERRO VIANDÉ,9990,"400 g (g a $ 24,98)",D1,No image found
SALCHICHA TIPO PARRILLA BIG BOB 280 G,8490,"280 g (g a $ 30,32)",D1,No image found
SALCHICHA TRADICIONAL SUPER COMBO VIANDE,3001,"225 g (g a $ 13,34)",D1,No image found
SALCHICHA TRADICIONAL VIANDE 400 G,5800,"400 g (g a $ 14,5)",D1,No image found
SALCHICHON CERVECERO SUPER COMBO VIANDE,4769,"225 g (g a $ 21,2)",D1,No image found
SALCHICHON CERVECERO VIANDE 650 G,10950,"650 g (g a $ 16,85)",D1,No image found
SALCHICHON CERVERONI X900G,19950,"900 g (g a $ 22,17)",D1,No image found
SALCHICHÓN DE POLLO BRAKEL 500 G,5200,"500 g (g a $ 10,4)",D1,No image found
SALCHICHON DE POLLO SUPER COMBO VIANDE,1590,"225 g (g a $ 7,07)",D1,No image found
SALCHICHÓN TRADICIONAL VIANDÉ 500 G,5300,"500 g (g a $ 10,6)",D1,No image found
TOCINETA AHUMADA VIANDÉ 150 GRS,6300,150 g (g a $ 42),D1,No image found
TOCINETA TIPO SANDWICH VIANDÉ 200 G,8990,"200 g (g a $ 44,95)",D1,No image found
ENSUENO DE POLLO VIANDE 300G,10950,"300 g (g a $ 36,5)",D1,No image found
JAMON DE CERDO PREMIUM X230G,8490,"230 g (g a $ 36,91)",D1,No image found
SALCHICHA PARRILLA VIANDE 230 G,8490,"230 g (g a $ 36,91)",D1,No image found
CHORIZO ANTIOQUEÑO VIANDÉ 225G,6990,"225 g (g a $ 31,07)",D1,No image found
MIX DE CARNES MADURADAS VALDECAVA X140G,17500,140 g (g a $ 125),D1,No image found
CHICHARRÓN 500 G,7990,"500 g (g a $ 15,98)",D1,https://stockimages.tiendasd1.com/stockimages.tiendasd1.com/kobastockimages/IMAGENES/12005983.png
FILETE DE PESCADO DEL DIA RIVERPEZ 350 G,14950,"350 g (g a $ 42,71)",D1,https://stockimages.tiendasd1.com/stockimages.tiendasd1.com/kobastockimages/IMAGENES/12006205.png
SUDAR DE RES RED CUT 500G,12490,"500 g (g a $ 24,98)",D1,https://stockimages.tiendasd1.com/stockimages.tiendasd1.com/kobastockimages/IMAGENES/12006276.png
SURTIDA DE POLLO MARINADA 500G,4990,"500 g (g a $ 9,98)",D1,https://stockimages.tiendasd1.com/stockimages.tiendasd1.com/kobastockimages/IMAGENES/12005876.png
MOLIDA DE RES 85/15 RED CUT 500 G,11950,"500 g (g a $ 23,9)",D1,No image found
AREPA AMARILLA MASMAÍ 5 UND - 400 G,1450,"400 g (g a $ 3,63)",D1,https://stockimages.tiendasd1.com/stockimages.tiendasd1.com/kobastockimages/IMAGENES/12000137.png
AREPA BLANCA MASMAÍ 5 UND - 400 G,1450,"400 g (g a $ 3,63)",D1,https://stockimages.tiendasd1.com/stockimages.tiendasd1.com/kobastockimages/IMAGENES/12000136.png
AREPA CON QUESO MOZZARELLA MASMAI 400 GRS...,4490,"400 g (g a $ 11,22)",D1,https://stockimages.tiendasd1.com/stockimages.tiendasd1.com/kobastockimages/IMAGENES/12000030.png
AREPA DE CHÓCOLO 5 UND MASMAÍ 400 GRS,2990,"400 g (g a $ 7,47)",D1,https://stockimages.tiendasd1.com/stockimages.tiendasd1.com/kobastockimages/IMAGENES/12000024.png
AREPA DE MAÍZ INTEGRAL MULTIGRANOS 400 G,3490,"400 g (g a $ 8,72)",D1,https://stockimages.tiendasd1.com/stockimages.tiendasd1.com/kobastockimages/IMAGENES/12006354.png
AREPA DE QUESO 5 UND MASMAÍ 400 GRS,2900,"400 g (g a $ 7,25)",D1,https://stockimages.tiendasd1.com/stockimages.tiendasd1.com/kobastockimages/IMAGENES/12000025.png
AREPA DE YUCA MASMAÍ 4 UND - 240 G,3990,"240 g (g a $ 16,63)",D1,No image found
AREPA EXTRAQUESO MASMAÍ 4 UND - 720 G,5990,"720 g (g a $ 8,32)",D1,No image found
AREPA MAÍZ MARGARINA SAL MASMAI 5UX400G,1900,"400 g (g a $ 4,75)",D1,No image found
AREPA MINITELA BLANCA MASMAI 10 UND - 500 G...,1550,"500 g (g a $ 3,1)",D1,No image found
AROS FRUTALES FIOCCO 230 G,4490,"230 g (g a $ 19,52)",D1,https://stockimages.tiendasd1.com/stockimages.tiendasd1.com/kobastockimages/IMAGENES/12000394.png
ARROZ ACHOCOLATADO FIOCCO 320 G,5750,"320 g (g a $ 17,97)",D1,https://stockimages.tiendasd1.com/stockimages.tiendasd1.com/kobastockimages/IMAGENES/12000393.png
AVENA EN HOJUELAS FIT GRAAN 250 G,1400,"250 g (g a $ 5,6)",D1,https://stockimages.tiendasd1.com/stockimages.tiendasd1.com/kobastockimages/IMAGENES/12000457.png
BARRAS DE CEREAL FIT GRAAN 138 G,5400,"138 g (g a $ 39,13)",D1,https://stockimages.tiendasd1.com/stockimages.tiendasd1.com/kobastockimages/IMAGENES/12001662.png
CEREAL CHOCO KRISPIS 180G,6700,"180 g (g a $ 37,22)",D1,https://stockimages.tiendasd1.com/stockimages.tiendasd1.com/kobastockimages/IMAGENES/12006227.png
CEREAL DE MAIZ Y QUINUA FIT GRAAN 300 G,5900,"300 g (g a $ 19,67)",D1,https://stockimages.tiendasd1.com/stockimages.tiendasd1.com/kobastockimages/IMAGENES/12001915.png
CEREAL FLIPS CHOCOLATE 400 G,15500,"400 g (g a $ 38,75)",D1,No image found
CEREAL FROOT LOOPS 135G,6200,"135 g (g a $ 45,93)",D1,No image found
CEREAL ZUCARITAS 180G,6250,"180 g (g a $ 34,72)",D1,No image found
GRANOLA COCO Y PASAS FIT GRAAN 350 G,4990,"350 g (g a $ 14,26)",D1,No image found
GRANOLA FRUTOS ROJOS FIT GRAAN 350 G,4990,"350 g (g a $ 14,26)",D1,No image found
HOJUELA DE MAIZ NATURAL FIT GRAAN 300 GR,4990,"300 g (g a $ 16,63)",D1,No image found
HOJUELAS AZUCARADAS FIOCCO 300 G,5750,"300 g (g a $ 19,17)",D1,No image found
GRANOLA CHUNKS F AMARILLO FIT GRAAN 300G,6900,300 g (g a $ 23),D1,No image found
BOMBON CHOCOAVELLANA NAVIDAD 112 GR,7490,"140 g (g a $ 53,5)",D1,https://stockimages.tiendasd1.com/stockimages.tiendasd1.com/kobastockimages/IMAGENES/12004107.png
ALFAJOR PREMIUM CHOCOLATE LECHE O BLANCO,2700,"70 g (g a $ 38,57)",D1,https://stockimages.tiendasd1.com/stockimages.tiendasd1.com/kobastockimages/IMAGENES/12003461.png
ALMENDRAS CON CHOCOLATE CHALET 100G,5950,"100 g (g a $ 59,5)",D1,https://stockimages.tiendasd1.com/stockimages.tiendasd1.com/kobastockimages/IMAGENES/12004297.png
BARQUILLO RELLENO BISCOLATA NIRVANA,1600,25 g (g a $ 64),D1,https://stockimages.tiendasd1.com/stockimages.tiendasd1.com/kobastockimages/IMAGENES/12003802.png
BARRA DE CHOCOLATE CON CARAMELO Y MANI WAPPS...,2750,"58 g (g a $ 47,41)",D1,https://stockimages.tiendasd1.com/stockimages.tiendasd1.com/kobastockimages/IMAGENES/12002189.png
BARRA CHOCOMANI CARAMELO BESTIES 52G,2500,"52 g (g a $ 48,08)",D1,https://stockimages.tiendasd1.com/stockimages.tiendasd1.com/kobastockimages/IMAGENES/12005192.png
BARRA DE CHOCOLATE BISCOLATA DUOMAX,2990,"44 g (g a $ 67,95)",D1,No image found
BOCADILLO VELEÑO DULCE NATURALEZA 470 G,4700,470 g (g a $ 10),D1,No image found
BON BON BUM FRESA PQ 6,3200,"114 g (g a $ 28,07)",D1,No image found
BOMBON AVELLANA MILANGO 3 UND 38G,5490,"38 g (g a $ 144,47)",D1,No image found
CARAMELOS BLANDOS MECHAS LOCAS,3600,"33 g (g a $ 109,09)",D1,No image found
CHOCO COOKIE BISCOLATA BREAK 20 GRS,1000,20 g (g a $ 50),D1,No image found
CHOCOLATE KITKAT CHUNKY 40 GRS,3350,"40 g (g a $ 83,75)",D1,No image found
CHOCOLATINA KEO 12 UND 144 G,8490,"144 g (g a $ 58,96)",D1,No image found
CHOCOLATINA CREMINO CARAMEL 41 GRS,1990,"41 g (g a $ 48,54)",D1,No image found
CHOCOLATINA CREMINO SOFTY 35 GRS,1800,"35 g (g a $ 51,43)",D1,No image found
CHOCOLATINA JET X 10 UND,9990,"110 g (g a $ 90,82)",D1,No image found
CHOCOLATINA JUMBO MANI 35 GRS,3200,"35 g (g a $ 91,43)",D1,No image found
BARRA DE CHOCOLATE CON MANÍ JUMBO 40 G,3100,"40 g (g a $ 77,5)",D1,No image found
 CHOCOLATINA LECHE MILKA 55G,5450,"55 g (g a $ 99,09)",D1,No image found
BARRA DE CHOCOLATE SNICKERS 53 G,4700,"53 g (g a $ 88,68)",D1,No image found
GALLETA WAFER RECUBIERTA DE CHOCOLATE JET WAFER...,1350,"22 g (g a $ 61,36)",D1,No image found
COCADA TRADICIONAL NORMANDY 240 G,6990,"240 g (g a $ 29,13)",D1,No image found
CONO DE CHOCOLATE OZMO CORNET 25 G,1990,"25 g (g a $ 79,6)",D1,No image found
CREMA CHOCOLATE NUCITA 8UN,5800,"89.6 g (g a $ 64,73)",D1,No image found
CREMA DE AVELLANAS DUO NUZART 350 G,9900,"350 g (g a $ 28,29)",D1,No image found
DULCES ACIDOS OKA LOKA NANOS 40G,1750,"40 g (g a $ 43,75)",D1,No image found
GALLETA MINI BURGER OZMO 40 GRS,2990,"40 g (g a $ 74,75)",D1,No image found
GELATINA BLANCA TRADICION 1915 168 G,3300,"168 g (g a $ 19,64)",D1,No image found
GOMA DE MASCAR DOUBLEMINT 5 STK,1650,"13.7 g (g a $ 120,44)",D1,No image found
GOMA INFANTIL HUBBA BUBBA,5490,"56.7 g (g a $ 96,83)",D1,No image found
GOMAS FUN MIX GRISSLY 150 GR,3400,"150 g (g a $ 22,67)",D1,No image found
GOMAS SURTIDAS TRULULU 150 G,3400,"150 g (g a $ 22,67)",D1,No image found
CHOCOLATES RELLENOS DE MANÍ M&MS 49 G,4700,"49 g (g a $ 95,92)",D1,No image found
HALLS LIMON Y MIEL 9S,1700,"25.2 g (g a $ 67,46)",D1,No image found
HELADOS DE GOMA BEBETO 150 G,4600,"150 g (g a $ 30,67)",D1,No image found
LONCHERA CHOKIS CHOCOLATE 6UNDS X 114G,9800,"114 g (g a $ 85,96)",D1,No image found
LONJA DE GUAYABA DULCE NATURALEZA 300 G,2150,"300 g (g a $ 7,17)",D1,No image found
MANI RECUBIERTO CHOCOLATE BESTIES 35 G,1750,35 g (g a $ 50),D1,No image found
MANTEQUILLA DE MANÍ 227 GRS,5990,"227 g (g a $ 26,39)",D1,No image found
MASMELOS SURTIDOS MELI MELLOWS 120 GR,2990,"120 g (g a $ 24,92)",D1,No image found
MINI WAFER BRIDGE 17.2 G,990,"17.2 g (g a $ 57,56)",D1,No image found
MORITAS DE GOMA BEBETO 150 G,4600,"150 g (g a $ 30,67)",D1,No image found
NUCITA TOY 14G,2300,"14 g (g a $ 164,29)",D1,No image found
OBLEAS TRADICION 1915 4 OBLEAS  140G,6750,"140 g (g a $ 48,21)",D1,No image found
PALITO CON CHOCOLATE BISCOLATA 40 G,2990,"40 g (g a $ 74,75)",D1,No image found
"PASTILLAS CHAO CEREZA 20,4G",1000,"20.4 g (g a $ 49,02)",D1,No image found
PASTILLAS DE CHOCOLATE BESTIES 20 G,1350,"20 g (g a $ 67,5)",D1,No image found
POLVO ACIDO OKA LOKA FUSION 14G,1200,"14 g (g a $ 85,71)",D1,No image found
ROLLITO DE GUAYABA CON CENTRO DE AREQUIPE DULCE...,6600,"280 g (g a $ 23,57)",D1,No image found
CARAMELOS MASTICABLES SPARKIES 25 G,1400,25 g (g a $ 56),D1,No image found
TABLETA CHOCOLATE HERSHEY°S COOKIES N CREAM ...,4990,"43 g (g a $ 116,05)",D1,No image found
TIRUDITO SUPERCOCO (8g) 15U,3990,"120 g (g a $ 33,25)",D1,No image found
TRIDENT MENTA SIN AZUCAR 5S,1600,"8.5 g (g a $ 188,24)",D1,No image found
TRIDENT SIN AZUCAR YERBABUENA 18S,3990,"30.6 g (g a $ 130,39)",D1,No image found
TRUFAS DE BROWNIE TRUFUS 80 G,2500,"80 g (g a $ 31,25)",D1,No image found
TURRÓN DURO DE ALMENDRA MARIA IBANEZ 150GRS...,12950,"150 g (g a $ 86,33)",D1,No image found
WAFER COCOSETTE 46 GR,1750,"46 g (g a $ 38,04)",D1,No image found
WAFER CUBIERTA DE CHOCOLATE BISCOLATA VENI 20 G...,1000,20 g (g a $ 50),D1,No image found
MASMELO RECUBIERTO FELIZ NAVIDAD 50 G,4950,50 g (g a $ 99),D1,No image found
TRIDENT SIN AZUCAR FRESHMINT 14 UNDS,2990,"25.2 g (g a $ 118,65)",D1,No image found
TRIDENT SIN AZUCAR BOTELLA CITRUS 18 UN,7990,"37.8 g (g a $ 211,38)",D1,No image found
CHOCOLATINA JET CHOCOVETEADA 150 GRS,8490,"150 g (g a $ 56,6)",D1,No image found
ALMENDRA NUTHOS 150 G,8250,150 g (g a $ 55),D1,https://stockimages.tiendasd1.com/stockimages.tiendasd1.com/kobastockimages/IMAGENES/12001205.png
ARÁNDANOS NUTHOS 150 G,6990,"150 g (g a $ 46,6)",D1,https://stockimages.tiendasd1.com/stockimages.tiendasd1.com/kobastockimages/IMAGENES/12000407.png
CRISPETA CARAMELO CHEETOS 72 G,2990,"72 g (g a $ 41,53)",D1,https://stockimages.tiendasd1.com/stockimages.tiendasd1.com/kobastockimages/IMAGENES/12000694.png
CHIPS DE VEGETALES NATRI 50 GR,2990,"50 g (g a $ 59,8)",D1,https://stockimages.tiendasd1.com/stockimages.tiendasd1.com/kobastockimages/IMAGENES/12004090.png
CIRUELA PREMIUM SIN SEMILLA NUTHOS 200 GRS...,7350,"200 g (g a $ 36,75)",D1,https://stockimages.tiendasd1.com/stockimages.tiendasd1.com/kobastockimages/IMAGENES/12001027.png
DE TODITO BBQ 250GR,9750,250 g (g a $ 39),D1,https://stockimages.tiendasd1.com/stockimages.tiendasd1.com/kobastockimages/IMAGENES/12003489.png
DORITOS FAMILIAR 150 GRS,5990,"150 g (g a $ 39,93)",D1,No image found
EXTRUIDO DE MAIZ GUBLINS 70 G,1990,"70 g (g a $ 28,43)",D1,No image found
HABAS SALADITAS 100G,4850,"100 g (g a $ 48,5)",D1,No image found
LONCHERA SURTIDA AZOMPACK 12 UN ,6750,"236 g (g a $ 28,6)",D1,No image found
LONCHERA SURTIDA FRITOLAY 10 UN 236GR,10450,"236 g (g a $ 44,28)",D1,No image found
LONCHERA SURTIDA NATRI 5UN 225G,8700,"225 g (g a $ 38,67)",D1,No image found
LONJAS DE ALMENDRA NUTHOS 100 GR,8450,"100 g (g a $ 84,5)",D1,No image found
MAÍZ GIGANTE FRITO SALADO NUTHOS 200 G,9700,"200 g (g a $ 48,5)",D1,No image found
MANÍ CON PASAS NUTHOS 200 G,3950,"200 g (g a $ 19,75)",D1,No image found
MANÍ DULCE NUTHOS 200 G,4200,200 g (g a $ 21),D1,No image found
MANÍ NUTHOS CROCANTE 180 GR,3850,"180 g (g a $ 21,39)",D1,No image found
MANÍ SALADO NUTHOS 200 G,3990,"200 g (g a $ 19,95)",D1,No image found
MARAÑON SALADO NUTHOS 70 GRS,5990,"70 g (g a $ 85,57)",D1,No image found
MEZCLA CHOCODIVERTIDA NUTHOS 45 GR,1950,"45 g (g a $ 43,33)",D1,No image found
MEZCLA CRUNCHY NUTHOS 180 G,7350,"180 g (g a $ 40,83)",D1,No image found
MEZCLA DIVERTIDA NUTHOS 200 G,4650,"200 g (g a $ 23,25)",D1,No image found
MEZCLA FRUTOS & SEMILLAS NATRI 150GR,7490,"150 g (g a $ 49,93)",D1,No image found
MEZCLA NUECES PREMIUM NUTHOS,7100,"180 g (g a $ 39,44)",D1,No image found
MEZCLA SALADA FRUTOS SECOS NUTHOS 180 G,5990,"180 g (g a $ 33,28)",D1,No image found
MEZCLA SENSACIÓN NUTHOS 180 GR,6450,"180 g (g a $ 35,83)",D1,No image found
MEZCLAS SURTIDAS NUTHOS 5 UND - 45G,8990,"225 g (g a $ 39,96)",D1,No image found
MIXTO MEGA FAMILIAR KYTHOS 350 GR,9490,"350 g (g a $ 27,11)",D1,No image found
MONEDITAS DE PLÁTANO PLATAITOS 6 UND - 60 G...,10950,"360 g (g a $ 30,42)",D1,No image found
NACHOS CRACHOS 200 G,3300,"200 g (g a $ 16,5)",D1,No image found
PAPAS CASERAS SABOR NATURAL 115GR,3900,"115 g (g a $ 33,91)",D1,No image found
PAPAS FRITAS SABOR BBQ KYTHOS 115 G,3300,"115 g (g a $ 28,7)",D1,No image found
PAPAS FRITAS SABOR LIMON KYTHOS 115 G,3300,"115 g (g a $ 28,7)",D1,No image found
PAPAS FRITAS SABOR POLLO KYTHOS 115 G,3300,"115 g (g a $ 28,7)",D1,No image found
PAPAS FRITAS SABOR NATURAL KYTHOS 115 G,3300,"115 g (g a $ 28,7)",D1,No image found
PAPAS ONDITAS MAYONESA KYTHOS 115 GR,3600,"115 g (g a $ 31,3)",D1,No image found
PASABOCAS MIXTO BBQ KYTHOS 160 G,4990,"160 g (g a $ 31,19)",D1,No image found
PASABOCAS MIXTOS SABOR NATURAL KYTHOS 160 G...,4990,"160 g (g a $ 31,19)",D1,No image found
PASABOCAS SURTIDOS DOCENA KYTHOS 12 UNDS,10490,"12 un (un a $ 874,17)",D1,No image found
PATACÓN PISAO PLATAITOS 80 G,4400,80 g (g a $ 55),D1,No image found
PISTACHO NUTHOS 70 G,7450,"70 g (g a $ 106,43)",D1,No image found
PLATANITOS MADUROS KYTHOS 6 UND - 168 G,5490,"168 g (g a $ 32,68)",D1,No image found
PLATANITOS MADUROS KYTHOS 135 GR,3990,"135 g (g a $ 29,56)",D1,No image found
ROSQUILLAS HORNEADITOS 12 UND - 192 G,9200,"192 g (g a $ 47,92)",D1,No image found
SEXTA PAPA NATURAL KYTHOS 25 G,5950,"150 g (g a $ 39,67)",D1,No image found
SEXTA PAPA SABOR POLLO KYTHOS 25 G,5950,"150 g (g a $ 39,67)",D1,No image found
TOCINETA MEGA PIGGINS 50 GR,1950,50 g (g a $ 39),D1,No image found
TOPPING MEDITERRANEO PARA ENSALADAS NATRI 120G...,5490,"120 g (g a $ 45,75)",D1,No image found
TORTILLA BURRITO CRACHOS 8 UND - 580 G,7490,"580 g (g a $ 12,91)",D1,No image found
TORTILLA FAJITA CRACHOS 12 UND - 360 G,5490,"360 g (g a $ 15,25)",D1,No image found
TORTILLA FINAS HIERBAS CRACHOS 250G,4950,"250 g (g a $ 19,8)",D1,No image found
TORTILLA INTEGRAL NATRI 8 UND- 250 G,3700,"250 g (g a $ 14,8)",D1,No image found
TOSTACOS PICANTES 185GR,6400,"185 g (g a $ 34,59)",D1,No image found
TURRONES DE GRANOLA SIN AZÚCAR NATRI 150 GRS...,5990,"150 g (g a $ 39,93)",D1,No image found
UVAS PASAS NUTHOS 200 G,3600,200 g (g a $ 18),D1,No image found
YUQUITAS KYTHOS 135 GR,3990,"135 g (g a $ 29,56)",D1,No image found
CHICHARRÓN DE CERDO KYTHOS 35 GR,3990,35 g (g a $ 114),D1,No image found
BARQUILLOS SURTIDOS NUZART 145 GR,4950,"145 g (g a $ 34,14)",D1,https://stockimages.tiendasd1.com/stockimages.tiendasd1.com/kobastockimages/IMAGENES/12004121.png
CLUB SOCIAL INTEGRAL 144 G,4300,"144 g (g a $ 29,86)",D1,https://stockimages.tiendasd1.com/stockimages.tiendasd1.com/kobastockimages/IMAGENES/12005692.png
GALLETA 2 TACOS DUCALES NOEL 241 GRS,5400,"241 g (g a $ 22,41)",D1,https://stockimages.tiendasd1.com/stockimages.tiendasd1.com/kobastockimages/IMAGENES/12000096.png
GALLETA MINI WAFER BISCOLATA 117 G,6650,"117 g (g a $ 56,84)",D1,https://stockimages.tiendasd1.com/stockimages.tiendasd1.com/kobastockimages/IMAGENES/12000928.png
GALLETA BISCOLATA RELLENA 115G,6990,"115 g (g a $ 60,78)",D1,https://stockimages.tiendasd1.com/stockimages.tiendasd1.com/kobastockimages/IMAGENES/12000744.png
GALLETAS CARMELLO CLASSIC BERGEN 140 G,4950,"140 g (g a $ 35,36)",D1,https://stockimages.tiendasd1.com/stockimages.tiendasd1.com/kobastockimages/IMAGENES/12000419.png
GALLETA CHIPS DE CHOCOLATE 6 PQ ,6200,"270 g (g a $ 22,96)",D1,No image found
GALLETA FRUTOS ROJOS YOGURT CROKAN  180 G...,5900,"180 g (g a $ 32,78)",D1,No image found
GALLETA SABOR OLIVA Y ORÉGANO GRETA 120 G...,4490,"120 g (g a $ 37,42)",D1,No image found
GALLETA INTEGRAL CON MIEL NATRI 216 G,3990,"216 g (g a $ 18,47)",D1,No image found
GALLETA DE LECHE MUUU COLOMBINA 216 GRS X 18 UN...,4650,"216 g (g a $ 21,53)",D1,No image found
GALLETA NEGRITA BLACK OUT 228 G,4950,"228 g (g a $ 21,71)",D1,No image found
GALLETA NOEL QUESO Y MANTEQUILLA 292 GR,5990,"292 g (g a $ 20,51)",D1,No image found
GALLETA OREO ORIGINAL 144G,3990,"144 g (g a $ 27,71)",D1,No image found
GALLETA RELLENA DE FRUTA NATRI 145 G,7990,"145 g (g a $ 55,1)",D1,No image found
GALLETA RITZ TACO 52.5 GRS,1800,"52.5 g (g a $ 34,29)",D1,No image found
GALLETA SALTIN NOEL 5 TACOS 410 G,5950,"410 g (g a $ 14,51)",D1,No image found
GALLETA SANDWICH HAPPY BLACK 12 PQ 408g,6990,"408 g (g a $ 17,13)",D1,No image found
GALLETA SEMIDULCE 5 TACOS 455 GRS ,6450,"455 g (g a $ 14,18)",D1,No image found
GALLETAS SANDWICH QUESO DUX,7350,"216 g (g a $ 34,03)",D1,No image found
GALLETAS CROKAN CAJA SURTIDA 200 G,4990,"200 g (g a $ 24,95)",D1,No image found
GALLETAS DOBLE CHOCOLATE CHALET 120 G,3900,"120 g (g a $ 32,5)",D1,No image found
GALLETAS DULCES POSTRE SALTISIMAS 225 G,4990,"225 g (g a $ 22,18)",D1,No image found
GALLETAS HAPPY WAFER X 12 UND 288G,4650,"288 g (g a $ 16,15)",D1,No image found
GALLETAS INTEGRALES SALTISIMAS 3 TC 378G,5490,"378 g (g a $ 14,52)",D1,No image found
GALLETAS MANTEQUILLA SALTÍSIMAS 324 G,4490,"324 g (g a $ 13,86)",D1,No image found
GALLETAS MINI CHIPS 8 PQ 280G,9500,"280 g (g a $ 33,93)",D1,No image found
GALLETAS NAVIDAD BOLSA 180 GRS,3690,"180 g (g a $ 20,5)",D1,No image found
GALLETAS NAVIDAD LATA 230 GRS,13950,"230 g (g a $ 60,65)",D1,No image found
GALLETAS SALTÍSIMAS 300 G,3990,"300 g (g a $ 13,3)",D1,No image found
GALLETAS SALADAS SALTISIMAS 6 TACOS 454 G...,5650,"454 g (g a $ 12,44)",D1,No image found
GALLETAS VAINILLA 18UN WAFER NOEL 432 GR,8100,"432 g (g a $ 18,75)",D1,No image found
GALLETA HAPPY CREAM LIMON 6 PQ 204 G,3650,"204 g (g a $ 17,89)",D1,No image found
GALLETA HAPPY CREAM VAINILLA 12 PQ 408G,6490,"408 g (g a $ 15,91)",D1,No image found
GTA RELLENA CHOC BISCOLATA MOOD 40GR,2990,"40 g (g a $ 74,75)",D1,No image found
GALLETA HAPPY CREAM FRESA 6 PQ 204 G,3650,"204 g (g a $ 17,89)",D1,No image found
GALLETAS SEMIDULCES SALTISIMAS 3 TACOS 315g...,4800,"315 g (g a $ 15,24)",D1,No image found
SALTISIMAS CLUB 6 PQ INDIVIDUALES 153g,3300,"153 g (g a $ 21,57)",D1,No image found
TOSH FUSIÓN DE CEREALES 195G,4850,"195 g (g a $ 24,87)",D1,No image found
GALLETA WAFER VAINILLA SIN AZUCAR BRIDGE  6 PK ...,12450,"168 g (g a $ 74,11)",D1,No image found
GALLETA NAVIDAD NOEL ALCANCÍA 160 GRS,19950,"160 g (g a $ 124,69)",D1,No image found
GALLETAS MANTEQUILLA NAVIDAD 130 GRS,5490,"130 g (g a $ 42,23)",D1,No image found
GALLETA TOSH CREMADA 144 GRS,6950,"144 g (g a $ 48,26)",D1,No image found
ESPUMANTE CHARDONNAY BRUT QUINTA LAS CABRAS 750...,24950,"750 ml (ml a $ 33,27)",D1,https://stockimages.tiendasd1.com/stockimages.tiendasd1.com/kobastockimages/IMAGENES/12000338.png
ESPUMANTE ROSÉ 750ML,24950,"750 ml (ml a $ 33,27)",D1,https://stockimages.tiendasd1.com/stockimages.tiendasd1.com/kobastockimages/IMAGENES/12002218.png
PROSECCO ITALIANO TORRESELLA 750 ML,39950,"750 ml (ml a $ 53,27)",D1,https://stockimages.tiendasd1.com/stockimages.tiendasd1.com/kobastockimages/IMAGENES/12003316.png
VINO BLANCO CHARDONNAY LOS RIOS 750 ML,19950,"750 ml (ml a $ 26,6)",D1,https://stockimages.tiendasd1.com/stockimages.tiendasd1.com/kobastockimages/IMAGENES/12002850.png
VINO BLANCO PORTUGAL PINTA NEGRA 750 ML,22950,"750 ml (ml a $ 30,6)",D1,https://stockimages.tiendasd1.com/stockimages.tiendasd1.com/kobastockimages/IMAGENES/12003422.png
VINO TINTO CABERNET SAUVIGNON RESERVA QUINTA LA...,21950,"750 ml (ml a $ 29,27)",D1,https://stockimages.tiendasd1.com/stockimages.tiendasd1.com/kobastockimages/IMAGENES/12000612.png
VINO TINTO CABERNET SAUVIGNON QUINTA LAS CABRAS...,16950,"750 ml (ml a $ 22,6)",D1,No image found
VINO TINTO CARMENERE QUINTA LAS CABRAS 750 ML...,16950,"750 ml (ml a $ 22,6)",D1,No image found
VINO TINTO CARMENERE RESERVA QUINTA LAS CABRAS ...,21950,"750 ml (ml a $ 29,27)",D1,No image found
VINO FRANCÉS MAISON 1982 750 ML,26950,"750 ml (ml a $ 35,93)",D1,No image found
 VINO LAMBRUSCO DON VITTO SURTIDO,19950,"750 ml (ml a $ 26,6)",D1,No image found
VINO MALBEC LOS RIOS VARIETAL,19950,"750 ml (ml a $ 26,6)",D1,No image found
VINO ROSÉ LOS RIOS 750 ML,18950,"750 ml (ml a $ 25,27)",D1,No image found
VINO ROSE QUINTA LAS CABRAS 750 ML,16950,"750 ml (ml a $ 22,6)",D1,No image found
VINO BLANCO SAUVIGNON BLANC QUINTA LAS CABRAS 7...,16950,"750 ml (ml a $ 22,6)",D1,No image found
VINO TINTO BAG IN BOX 3 LITROS PINTA NEGRA...,64950,"3000 ml (ml a $ 21,65)",D1,No image found
VINO TINTO GRAN MALBEC COMPADRE 750 ML,25950,"750 ml (ml a $ 34,6)",D1,No image found
VINO TINTO ITALIANO MANNARA 750 ML,26950,"750 ml (ml a $ 35,93)",D1,No image found
VINO TINTO MALBEC SAN TELMO 750 ML,16950,"750 ml (ml a $ 22,6)",D1,No image found
VINTO TINTO PORTUGAL PINTA NEGRA 750 ML,22950,"750 ml (ml a $ 30,6)",D1,No image found
VINO TINTO AMATE TEMPRANILLO 750 ML,21950,"750 ml (ml a $ 29,27)",D1,No image found
AGUARDIENTE ANTIOQUEÑO SIN AZUCAR 750 ML,47500,"750 ml (ml a $ 63,33)",D1,https://stockimages.tiendasd1.com/stockimages.tiendasd1.com/kobastockimages/IMAGENES/12002708.png
AGUARDIENTE NÉCTAR CLUB VERDE 375 ML,17490,"375 ml (ml a $ 46,64)",D1,https://stockimages.tiendasd1.com/stockimages.tiendasd1.com/kobastockimages/IMAGENES/12000358.png
CREMA DE WHISKY GAELIK 750 ML,32950,"750 ml (ml a $ 43,93)",D1,https://stockimages.tiendasd1.com/stockimages.tiendasd1.com/kobastockimages/IMAGENES/12004067.png
GINEBRA DAFNE 700 ML,44950,"700 ml (ml a $ 64,21)",D1,https://stockimages.tiendasd1.com/stockimages.tiendasd1.com/kobastockimages/IMAGENES/12003805.png
RON AÑEJO CARTAVIO BLACK BARREL 750 ML,32950,"750 ml (ml a $ 43,93)",D1,https://stockimages.tiendasd1.com/stockimages.tiendasd1.com/kobastockimages/IMAGENES/12002363.png
TEQUILA NEWTON GOLD 750 ML,45900,"750 ml (ml a $ 61,2)",D1,https://stockimages.tiendasd1.com/stockimages.tiendasd1.com/kobastockimages/IMAGENES/12002576.png
TEQUILA REPOSADO JARANA 100% AGAVE,69950,"700 ml (ml a $ 99,93)",D1,No image found
VODKA RUSSKAYA 750 ML,39950,"750 ml (ml a $ 53,27)",D1,No image found
WHISKY ESCOCÉS GAELIK 700 ML,39550,"700 ml (ml a $ 56,5)",D1,No image found
CERVEZA BAHIA 330 ML,1900,"330 un (un a $ 5,76)",D1,https://stockimages.tiendasd1.com/stockimages.tiendasd1.com/kobastockimages/IMAGENES/12002513.png
CERVEZA BAHIA LAGER 330 CC,1790,"330 un (un a $ 5,42)",D1,https://stockimages.tiendasd1.com/stockimages.tiendasd1.com/kobastockimages/IMAGENES/12004145.png
CERVEZA CLUB COLOMBIA 269 ML,2200,"269 ml (ml a $ 8,18)",D1,https://stockimages.tiendasd1.com/stockimages.tiendasd1.com/kobastockimages/IMAGENES/12004683.png
CERVEZA CORONITA 210 ML,2750,"210 ml (ml a $ 13,1)",D1,https://stockimages.tiendasd1.com/stockimages.tiendasd1.com/kobastockimages/IMAGENES/12006265.png
AGUA CON COLAGENO NATRI 300 ML,1990,"300 ml (ml a $ 6,63)",D1,https://stockimages.tiendasd1.com/stockimages.tiendasd1.com/kobastockimages/IMAGENES/12005815.png
AGUA CON GAS LIMONADA OMI 1700 ML,2400,"1700 ml (ml a $ 1,41)",D1,https://stockimages.tiendasd1.com/stockimages.tiendasd1.com/kobastockimages/IMAGENES/12003418.png
AGUA CON GAS LIMONADA OMI 600 ML,1250,"600 ml (ml a $ 2,08)",D1,https://stockimages.tiendasd1.com/stockimages.tiendasd1.com/kobastockimages/IMAGENES/12003417.png
AGUA SABORIZADA MARACUYÁ OMI 1700 ML,2400,"1700 ml (ml a $ 1,41)",D1,https://stockimages.tiendasd1.com/stockimages.tiendasd1.com/kobastockimages/IMAGENES/12003265.png
AGUA CON GAS OMI 600 ML,890,"600 ml (ml a $ 1,48)",D1,https://stockimages.tiendasd1.com/stockimages.tiendasd1.com/kobastockimages/IMAGENES/12000489.png
AGUA NATURAL CON ALOE OMI 500 ML,3490,"500 ml (ml a $ 6,98)",D1,https://stockimages.tiendasd1.com/stockimages.tiendasd1.com/kobastockimages/IMAGENES/12000730.png
AGUA SABORIZADA LIMÓN OMI 1700 ML,2400,"1700 ml (ml a $ 1,41)",D1,No image found
AGUA SABORIZADA LIMÓN OMI 600 ML,1250,"600 ml (ml a $ 2,08)",D1,No image found
AGUA OMI MANZANA 1700 ML,2400,"1700 ml (ml a $ 1,41)",D1,No image found
AGUA SABORIZADA MARACUYÁ OMI 600 ML,1250,"600 ml (ml a $ 2,08)",D1,No image found
AGUA SIN GAS OMI 1000 ML,950,"1000 ml (ml a $ 0,95)",D1,No image found
AGUA SIN GAS OMI 300 ML,550,"300 ml (ml a $ 1,83)",D1,No image found
AGUA SIN GAS OMI 5000 ML,3400,"5000 ml (ml a $ 0,68)",D1,No image found
BEBIDA GASIFICADA TÓNICA IZOTS 269 ML,2350,"269 ml (ml a $ 8,74)",D1,https://stockimages.tiendasd1.com/stockimages.tiendasd1.com/kobastockimages/IMAGENES/12004176.png
BEBIDA HIDRATANTE SABOR MANDARINA DRINK A 600 M...,1600,"600 ml (ml a $ 2,67)",D1,https://stockimages.tiendasd1.com/stockimages.tiendasd1.com/kobastockimages/IMAGENES/12000329.png
BEBIDA HIDRATANTE SABOR TROPICAL DRINK A 600 ML...,1600,"600 ml (ml a $ 2,67)",D1,https://stockimages.tiendasd1.com/stockimages.tiendasd1.com/kobastockimages/IMAGENES/12000432.png
GASEOSA COCA COLA SIN AZÚCAR 1750 ML,5350,"1750 ml (ml a $ 3,06)",D1,https://stockimages.tiendasd1.com/stockimages.tiendasd1.com/kobastockimages/IMAGENES/12002693.png
COMBO GASEOSA COCA COLA X2 UND 2.5L,13700,"5000 ml (ml a $ 2,74)",D1,https://stockimages.tiendasd1.com/stockimages.tiendasd1.com/kobastockimages/IMAGENES/12005528.png
GASEOSA COCA COLA 1750 ML,5550,"1750 ml (ml a $ 3,17)",D1,https://stockimages.tiendasd1.com/stockimages.tiendasd1.com/kobastockimages/IMAGENES/12002106.png
GASEOSA COCA COLA PET 250ML,1990,"250 ml (ml a $ 7,96)",D1,No image found
GASEOSA COCA COLA SIN AZÚCAR 2 UNDX2.5L,12950,2.5 l (l a $ 5.180),D1,No image found
GASEOSA COCA COLA SIN AZUCAR PET 250ML,1300,"250 ml (ml a $ 5,2)",D1,No image found
GASEOSA MANZANA SWIGEN 1700 ML,2750,"1700 ml (ml a $ 1,62)",D1,No image found
GASEOSA COLA NEGRA SWIGEN 1700 ML,2750,"1700 ml (ml a $ 1,62)",D1,No image found
GASEOSA TORONJA SWIGEN 1700 ML,2750,"1700 ml (ml a $ 1,62)",D1,No image found
GASEOSA COLOMBIANA POSTOBON 1.750 ML,3900,"1750 ml (ml a $ 2,23)",D1,No image found
GASEOSA FRESH COLA SWIGEN 1700 ML,2750,"1700 ml (ml a $ 1,62)",D1,No image found
GASEOSA KOLA ROMÁN PET 250ML,1550,"250 ml (ml a $ 6,2)",D1,No image found
GASEOSA MANZANA POSTOBON 1.750 ML,3900,"1750 ml (ml a $ 2,23)",D1,No image found
GASEOSA QUATRO TORONJA 1500 ML,3700,"1500 ml (ml a $ 2,47)",D1,No image found
GASEOSA SCHWEPPES GINGER ALE PET 1500ML,4600,"1500 ml (ml a $ 3,07)",D1,No image found
GATORADE TROPICAL 500 ML,3550,"500 ml (ml a $ 7,1)",D1,No image found
GASEOSA PONY MALTA 2000ML,5950,"2000 ml (ml a $ 2,98)",D1,No image found
GASEOSA PONY MALTA MINI 200 ML,1490,"200 ml (ml a $ 7,45)",D1,No image found
SODA BRETAÑA 300 ML,2150,"300 ml (ml a $ 7,17)",D1,No image found
SODA WHITE CROWN 1.7LTS,2100,"1700 ml (ml a $ 1,24)",D1,No image found
TE HATSU SURTIDO 200 ML,4800,600 ml (ml a $ 8),D1,No image found
PONY MALTA GO PET 2 L,5950,2 l (l a $ 2.975),D1,No image found
CABO DE MADERA TIDY HOUSE 1 UND,2350,1 un (un a $ 2.350),D1,https://stockimages.tiendasd1.com/stockimages.tiendasd1.com/kobastockimages/IMAGENES/12004155.png
CEPILLO PLANCHA TIDY HOUSE 1 UND,2750,1 un (un a $ 2.750),D1,https://stockimages.tiendasd1.com/stockimages.tiendasd1.com/kobastockimages/IMAGENES/12004114.png
ESPIRAL ABRASIVA PLATEADA TIDY HOUSE 1UND...,990,1 un (un a $ 990),D1,https://stockimages.tiendasd1.com/stockimages.tiendasd1.com/kobastockimages/IMAGENES/12002108.png
ESPONJA MALLA TIDY HOUSE 2 UND,1150,2 un (un a $ 575),D1,https://stockimages.tiendasd1.com/stockimages.tiendasd1.com/kobastockimages/IMAGENES/12000241.png
ESPONJA MULTIUSOS ABRASIVA TIDYHOUSE 2U,1990,2 un (un a $ 995),D1,https://stockimages.tiendasd1.com/stockimages.tiendasd1.com/kobastockimages/IMAGENES/12005925.png
ESPONJA MULTIUSOS TIDY HOUSE 3 UND,1900,"3 un (un a $ 633,33)",D1,https://stockimages.tiendasd1.com/stockimages.tiendasd1.com/kobastockimages/IMAGENES/12000213.png
ESPONJILLA DE BRILLO TIDY HOUSE 6 UND,1050,6 un (un a $ 175),D1,No image found
GUANTE DOMÉSTICO TIDY HOUSE TALLA M,2490,1 un (un a $ 2.490),D1,No image found
GUANTE SEMI INDUSTRIAL NEGRO TIDY HOUSE TALLA M...,2990,1 un (un a $ 2.990),D1,No image found
PAÑO ABSORBENTE TIDY HOUSE 1 UND,1150,1 un (un a $ 1.150),D1,No image found
PAÑO LIMPIÓN TIDY HOUSE 4 UND,3400,4 un (un a $ 850),D1,No image found
REPUESTO PARA ESCOBA TIDY HOUSE 1 UND,2800,1 un (un a $ 2.800),D1,No image found
REPUESTO RECOGEDOR TIDY HOUSE 1 UND,2700,1 un (un a $ 2.700),D1,No image found
REPUESTO PARA TRAPERO TIDY HOUSE 1 UND,5350,1 un (un a $ 5.350),D1,No image found
TOALLA DE COCINA ACOLCHAMAX 100 HOJAS,6700,100 un (un a $ 67),D1,No image found
DETERGENTE EN POLVO PREMUIM BONAROPA 3000 G...,18900,"3000 g (g a $ 6,3)",D1,https://stockimages.tiendasd1.com/stockimages.tiendasd1.com/kobastockimages/IMAGENES/12000248.png
DETERGENTE LIQUIDO ANTIBACTERIAL 1 L,5990,1 l (l a $ 5.990),D1,https://stockimages.tiendasd1.com/stockimages.tiendasd1.com/kobastockimages/IMAGENES/12004146.png
DETERGENTE LÍQUIDO BONAROPA 1000 ML,4950,"1000 ml (ml a $ 4,95)",D1,https://stockimages.tiendasd1.com/stockimages.tiendasd1.com/kobastockimages/IMAGENES/12000246.png
DETERGENTE LÍQUIDO BONAROPA 3000 ML,12600,"3000 ml (ml a $ 4,2)",D1,https://stockimages.tiendasd1.com/stockimages.tiendasd1.com/kobastockimages/IMAGENES/12002741.png
DETERGENTE LÍQUIDO BABY BONAROPA 1000 ML,7950,"1000 ml (ml a $ 7,95)",D1,https://stockimages.tiendasd1.com/stockimages.tiendasd1.com/kobastockimages/IMAGENES/12001583.png
DETERGENTE EN POLVO MULTIUSOS BONAROPA 2800 G...,9950,"2800 g (g a $ 3,55)",D1,https://stockimages.tiendasd1.com/stockimages.tiendasd1.com/kobastockimages/IMAGENES/12000310.png
DETERGENTE MULTIUSOS BONAROPA 900 GR,3500,"900 g (g a $ 3,89)",D1,No image found
DETERGENTE OXÍGENO ANTIBACTERIAL 1100G,6950,"1100 g (g a $ 6,32)",D1,No image found
DETERGENTE EN POLVO ULTRA RENDIDOR BONAROPA 100...,4580,"1000 g (g a $ 4,58)",D1,No image found
DETERGENTE POLVO BONAROPA FLORAL 3000 GR,13950,"3000 g (g a $ 4,65)",D1,No image found
DETERGENTE LÍQUIDO PARA PRENDAS OSCURAS BONAROP...,6300,"1000 ml (ml a $ 6,3)",D1,No image found
DETERGENTE LÍQUIDO PARA ROPA DELICADA BONAROPA ...,4990,"1000 ml (ml a $ 4,99)",D1,No image found
JABÓN DE BARRA LÍQUIDO ALOE VERA 1000 ML,4990,"1000 ml (ml a $ 4,99)",D1,No image found
JABÓN DE BARRA LÍQUIDO BRILLA KING 1000 ML...,4450,"1000 ml (ml a $ 4,45)",D1,No image found
JABÓN EN BARRA COCO BONAROPA 200 G,1950,"200 g (g a $ 9,75)",D1,No image found
JABON EN BARRA 3D 3UNDS,5990,"750 g (g a $ 7,99)",D1,No image found
JABÓN EN BARRA BRILLA KING 3 UND 900 G,5850,"900 g (g a $ 6,5)",D1,No image found
PRE LAVADO BONAROPA 500 ML,4550,"500 ml (ml a $ 9,1)",D1,No image found
QUITAMANCHAS ROPA BLANCA BONAROPA 1000 ML...,3800,"1000 ml (ml a $ 3,8)",D1,No image found
QUITAMANCHAS BLANCO POLVO BONAROPA 450G,8990,"450 g (g a $ 19,98)",D1,No image found
QUITAMANCHAS EN POLVO BONAROPA 450G,8990,"450 g (g a $ 19,98)",D1,No image found
QUITAMANCHAS INSTANTANEO BONAROPA 60 M,2990,"60 ml (ml a $ 49,83)",D1,No image found
QUITAMANCHAS LÍQUIDO BONAROPA 1000 ML,3800,"1000 ml (ml a $ 3,8)",D1,No image found
ROPA COLOR BONAROPA 1000 ML,2800,"1000 ml (ml a $ 2,8)",D1,No image found
SUAVIZANTE ANTIBACTERIAL BONAROPA 1 LT,4950,"1000 ml (ml a $ 4,95)",D1,No image found
SUAVIZANTE AROMA FLORAL BONAROPA 1000 ML,3500,"1000 ml (ml a $ 3,5)",D1,No image found
SUAVIZANTE AROMA MANZANA BONAROPA 1000 ML...,3500,"1000 ml (ml a $ 3,5)",D1,No image found
SUAVIZANTE FLORAL BONAROPA 3 L,8990,3000 ml (ml a $ 3),D1,No image found
DETERGENTE LIQUIDO MULTIUSOS BONAROPA 1L,4000,1000 ml (ml a $ 4),D1,No image found
BLANQUEADOR BRILLA KING 2000 ML,2790,"2000 ml (ml a $ 1,4)",D1,https://stockimages.tiendasd1.com/stockimages.tiendasd1.com/kobastockimages/IMAGENES/12000089.png
BLANQUEADOR EN GEL BRILLA KING 1000 ML,5490,"1000 ml (ml a $ 5,49)",D1,https://stockimages.tiendasd1.com/stockimages.tiendasd1.com/kobastockimages/IMAGENES/12002695.png
CERA AUTOBRILLANTE BRILLA KING 1000 ML,7990,"1000 ml (ml a $ 7,99)",D1,https://stockimages.tiendasd1.com/stockimages.tiendasd1.com/kobastockimages/IMAGENES/12001057.png
CREMA LAVALOZA BRILLA KING 500 GRS,2400,"500 g (g a $ 4,8)",D1,https://stockimages.tiendasd1.com/stockimages.tiendasd1.com/kobastockimages/IMAGENES/12000131.png
DESENGRASANTE BRILLA KING 500 ML,2450,"500 ml (ml a $ 4,9)",D1,https://stockimages.tiendasd1.com/stockimages.tiendasd1.com/kobastockimages/IMAGENES/12000240.png
DESINFECTANTE DE BAÑO BRILLA KING 500 ML,2990,"500 ml (ml a $ 5,98)",D1,https://stockimages.tiendasd1.com/stockimages.tiendasd1.com/kobastockimages/IMAGENES/12000244.png
LAVALOZA LÍQUIDO BRILLA KING 750ML,5250,750 ml (ml a $ 7),D1,No image found
LIMPIADOR BICARBONATO BRILLA KING 1000 ML...,2600,"1000 ml (ml a $ 2,6)",D1,No image found
LIMPIADOR MULTIUSOS CITRONELLA BRILLA KING 1000...,2850,"1000 ml (ml a $ 2,85)",D1,No image found
LIMPIADOR DE JUNTAS BRILLA KING 500 ML,2990,"500 ml (ml a $ 5,98)",D1,No image found
LIMPIADOR DE TEXTILES BRILLA KING 1 LT,4990,"500 ml (ml a $ 9,98)",D1,No image found
LIMPIADOR LAVANDA JAZMÍN BRILLA KING 1L,2480,"1000 ml (ml a $ 2,48)",D1,No image found
LIMPIADOR LAVANDA JAZMÍN BRILLA KING 3L,6400,"3000 ml (ml a $ 2,13)",D1,No image found
LIMPIADOR MANZANA CANELA BRILLA KING 1000 ML...,2490,"1000 ml (ml a $ 2,49)",D1,No image found
LIMPIADOR TODO EN 1 BRILLAKING 500 ML,3990,"500 ml (ml a $ 7,98)",D1,No image found
LIMPIAPISOS MADERA Y LAMINADOS BRILLA KING 500 ...,4990,"500 ml (ml a $ 9,98)",D1,No image found
LIMPIAVIDRIOS BRILLAKING 500 ML,2250,"500 ml (ml a $ 4,5)",D1,No image found
LAVALOZA LÍQUIDO BRILLA KING 500 ML,2600,"500 ml (ml a $ 5,2)",D1,No image found
PAÑO REUTILIZABLE DURAMAX 50 UND,7990,"50 un (un a $ 159,8)",D1,No image found
TOALLA COCINA SUPER ROLLO RENDY 660H,15950,1 un (un a $ 15.950),D1,No image found
TOALLA DESINFECTANTE BRILLA KING 50 UND,4750,50 un (un a $ 95),D1,No image found
VARSOL BRILLA KING 800 ML,6990,"800 ml (ml a $ 8,74)",D1,No image found
VARSOL EMULSIONADO BRILLA KING 800 ML,5990,"800 ml (ml a $ 7,49)",D1,No image found
AFEITADORA RECARGABLE MANGO + 2 REPUETOS GILLET...,11500,1 un (un a $ 11.500),D1,https://stockimages.tiendasd1.com/stockimages.tiendasd1.com/kobastockimages/IMAGENES/12003311.png
ESPUMA PARA AFEITAR XEN 300 ML,6550,"300 ml (ml a $ 21,83)",D1,https://stockimages.tiendasd1.com/stockimages.tiendasd1.com/kobastockimages/IMAGENES/12001738.png
MÁQUINA PARA AFEITAR 3 HOJAS HOMBRE XEN 2 UND...,2990,2 un (un a $ 1.495),D1,https://stockimages.tiendasd1.com/stockimages.tiendasd1.com/kobastockimages/IMAGENES/12000087.png
MÁQUINA PARA AFEITAR 3 HOJAS MUJER XEN 2 UND...,2990,2 un (un a $ 1.495),D1,https://stockimages.tiendasd1.com/stockimages.tiendasd1.com/kobastockimages/IMAGENES/12000088.png
REPUESTOS PARA AFEITADORA GILLETTE 4 UND,11450,"4 un (un a $ 2.862,5)",D1,https://stockimages.tiendasd1.com/stockimages.tiendasd1.com/kobastockimages/IMAGENES/12003314.png
SISTEMA HIBRIDO AFEITADO XEN 2 REPUESTOS,9990,1 un (un a $ 9.990),D1,https://stockimages.tiendasd1.com/stockimages.tiendasd1.com/kobastockimages/IMAGENES/12006468.png
REPUESTOS SISTEMA HIBRIDO AFEITADO 5 UND,9990,5 un (un a $ 1.998),D1,No image found
ACONDICIONADOR ELVIVE HIDRAHIALURONICO,19950,"370 ml (ml a $ 53,92)",D1,https://stockimages.tiendasd1.com/stockimages.tiendasd1.com/kobastockimages/IMAGENES/12006368.png
ACONDICIONADOR KOLORS SURTIDO 400 ML,6990,"400 ml (ml a $ 17,48)",D1,https://stockimages.tiendasd1.com/stockimages.tiendasd1.com/kobastockimages/IMAGENES/12004348.png
ACONDICIONADOR SAVITAL FUSION PROT 470ML,13550,"470 ml (ml a $ 28,83)",D1,https://stockimages.tiendasd1.com/stockimages.tiendasd1.com/kobastockimages/IMAGENES/12005806.png
CREMA PEINAR RIZOS DEFINIDOS SEDAL 270ML,12600,"270 ml (ml a $ 46,67)",D1,https://stockimages.tiendasd1.com/stockimages.tiendasd1.com/kobastockimages/IMAGENES/12006091.png
CREMA PEINAR RIZOS KOLORS PRO 250ML,6650,"250 ml (ml a $ 26,6)",D1,https://stockimages.tiendasd1.com/stockimages.tiendasd1.com/kobastockimages/IMAGENES/12006208.png
GEL CAPILAR XEN 240 ML,3990,"240 ml (ml a $ 16,63)",D1,https://stockimages.tiendasd1.com/stockimages.tiendasd1.com/kobastockimages/IMAGENES/12005065.png
GEL EGO ATTRACTION 240 ML,7490,"240 ml (ml a $ 31,21)",D1,No image found
SHAMPOO ANTICASPA OVERHEAD 400 ML,6990,"400 ml (ml a $ 17,48)",D1,No image found
SHAMPOO ANTICASPA XEN 400 ML,7990,"400 ml (ml a $ 19,98)",D1,No image found
SHAMPOO BOTANICALS NAT FEELING 600 ML,8900,"600 ml (ml a $ 14,83)",D1,No image found
SHAMPOO ELVIVE HIDRAHIALURONICO,19950,"370 ml (ml a $ 53,92)",D1,No image found
SHAMPOO KOLORS SURTIDO 400 ML,6990,"400 ml (ml a $ 17,48)",D1,No image found
SHAMPOO SAVITAL FUSION PROTEINAS 490ML,13550,"490 ml (ml a $ 27,65)",D1,No image found
TINTE IGORA VITAL 1-0 NEGRO 50ML,15950,1 un (un a $ 15.950),D1,No image found
TINTE IGORA VITAL 3-0 CASTAÑO OSCU 50ML,15950,1 un (un a $ 15.950),D1,No image found
TINTE IGORA VITAL 5-0 CASTAÑO CLARO 50ML,15950,1 un (un a $ 15.950),D1,No image found
TINTE IGORA VITAL 6-68 CHOCOLATE 50ML,15950,1 un (un a $ 15.950),D1,No image found
TINTE IGORA VITAL 7-0 RUBIO MEDIANO 50ML,15950,1 un (un a $ 15.950),D1,No image found
TRAT CAPILAR SURTIDO KOLORS PRO 250 ML,6650,"250 ml (ml a $ 26,6)",D1,No image found
SHAMPOO SAVITAL AMINOACIDOS 490 ML,13500,"490 ml (ml a $ 27,55)",D1,No image found
ACONDICIONADOR SAVITAL AMINOACIDOS 470ML,13500,"470 ml (ml a $ 28,72)",D1,No image found
ANTIBACTERIAL Y HUMECTANTE NATURAL FEELING 135 ...,3100,"135 ml (ml a $ 22,96)",D1,https://stockimages.tiendasd1.com/stockimages.tiendasd1.com/kobastockimages/IMAGENES/12003587.png
BÁLSAMO PARA PIES CANSADOS DELIA 250 ML,10950,"250 ml (ml a $ 43,8)",D1,https://stockimages.tiendasd1.com/stockimages.tiendasd1.com/kobastockimages/IMAGENES/12001805.png
CREMA CORPORAL BOTANICALS NF 500 ML,7990,"500 ml (ml a $ 15,98)",D1,https://stockimages.tiendasd1.com/stockimages.tiendasd1.com/kobastockimages/IMAGENES/12004224.png
CREMA DE MANOS ARGAN DELIA 50 ML,1990,"50 ml (ml a $ 39,8)",D1,https://stockimages.tiendasd1.com/stockimages.tiendasd1.com/kobastockimages/IMAGENES/12002682.png
CREMA DE MANOS MILEFIORE 270 GR,6990,"270 g (g a $ 25,89)",D1,https://stockimages.tiendasd1.com/stockimages.tiendasd1.com/kobastockimages/IMAGENES/12006296.png
CREMA EXFOLIANTE CORPORAL NATURAL FEELING 230 G...,7990,"230 g (g a $ 34,74)",D1,https://stockimages.tiendasd1.com/stockimages.tiendasd1.com/kobastockimages/IMAGENES/12002355.png
CREMA HUMECTANTE LUBRIDERM 200 ML,13950,"200 ml (ml a $ 69,75)",D1,No image found
GEL ANTIBACTERIAL NATURAL FEELING 300 ML,2990,"300 ml (ml a $ 9,97)",D1,No image found
GEL ANTIBACTERIAL NATURAL FEELING 60 ML,1490,"60 ml (ml a $ 24,83)",D1,No image found
GEL BAÑO BOTANICALS NAT FEELING 750 ML,7490,"750 ml (ml a $ 9,99)",D1,No image found
JABON TOCADOR AVENA PROTEX 2 UND 220 GR,6150,"220 g (g a $ 27,95)",D1,No image found
LOCIÓN REFRESCANTE XEN 178 ML,4990,"178 ml (ml a $ 28,03)",D1,No image found
REPELENTE NATURAL FEELING 120 ML,7150,"120 ml (ml a $ 59,58)",D1,No image found
TALCO ANTIBACTERIAL XEN 150 G,4700,"150 g (g a $ 31,33)",D1,No image found
CEPILLO DE DIENTES PARA NIÑOS BUCARINE 1 UND...,1450,1 un (un a $ 1.450),D1,https://stockimages.tiendasd1.com/stockimages.tiendasd1.com/kobastockimages/IMAGENES/12000269.png
CEPILLO DE DIENTES SUAVE BUCARINE 2 UND,2950,2 un (un a $ 1.475),D1,https://stockimages.tiendasd1.com/stockimages.tiendasd1.com/kobastockimages/IMAGENES/12006285.png
CREMA DENTAL PARA NIÑOS BUCARINE 75 CC,4800,75 un (un a $ 64),D1,https://stockimages.tiendasd1.com/stockimages.tiendasd1.com/kobastockimages/IMAGENES/12000288.png
CREMA DENTAL COLGATE TOTAL 75 ML,9600,75 ml (ml a $ 128),D1,https://stockimages.tiendasd1.com/stockimages.tiendasd1.com/kobastockimages/IMAGENES/12002066.png
CREMA DENTAL EN GEL BUCARINE 150 CC,4850,"150 un (un a $ 32,33)",D1,https://stockimages.tiendasd1.com/stockimages.tiendasd1.com/kobastockimages/IMAGENES/12000976.png
CREMA DENTAL LUMINOUS WHITE COLGATE 61ML,9550,"61 ml (ml a $ 156,56)",D1,https://stockimages.tiendasd1.com/stockimages.tiendasd1.com/kobastockimages/IMAGENES/12006294.png
CREMA DENTAL TRIPLE ACCIÓN BUCARINE 150 ML...,4850,"150 un (un a $ 32,33)",D1,No image found
CREMA DENTAL TRIPLE ACCIÓN COLGATE 100 ML...,6350,"100 ml (ml a $ 63,5)",D1,No image found
ENJUAGUE BUCAL LISTERINE COOL MINT 360ML,13300,"360 ml (ml a $ 36,94)",D1,No image found
ENJUAGUE BUCAL CERO ALCOHOL BUCARINE 500 ML...,6550,"500 ml (ml a $ 13,1)",D1,No image found
SEDA DENTAL BUCARINE 50 MTS,2990,"50 m (m a $ 59,8)",D1,No image found
CEPILLO DE DIENTES ULTRA SUAVE BUCARINE,3990,1 un (un a $ 3.990),D1,No image found
CEPILLO DE DIENTES MEDIO BUCARINE 2 UND,2950,2 un (un a $ 1.475),D1,No image found
DESODORANTE EN AEROSOL HOMBRE REXONA CLINICAL 1...,12950,"150 ml (ml a $ 86,33)",D1,https://stockimages.tiendasd1.com/stockimages.tiendasd1.com/kobastockimages/IMAGENES/12003528.png
DESODORANTE EN AEROSOL MUJER REXONA CLINICAL 15...,12950,"150 ml (ml a $ 86,33)",D1,https://stockimages.tiendasd1.com/stockimages.tiendasd1.com/kobastockimages/IMAGENES/12003530.png
DEO CLINICAL TUBO SPEED STICK 70 GR,7490,70 g (g a $ 107),D1,https://stockimages.tiendasd1.com/stockimages.tiendasd1.com/kobastockimages/IMAGENES/12004990.png
DEO CLINICAL TUBO LADY SPEED STICK 70 GR,7490,70 g (g a $ 107),D1,https://stockimages.tiendasd1.com/stockimages.tiendasd1.com/kobastockimages/IMAGENES/12004991.png
DESODORANTE HOMBRE GEL GILLETE 45 G,7950,"45 g (g a $ 176,67)",D1,https://stockimages.tiendasd1.com/stockimages.tiendasd1.com/kobastockimages/IMAGENES/12003009.png
DESODORANTE HOMBRE SPRAY XEN 150ML,6990,"150 ml (ml a $ 46,6)",D1,https://stockimages.tiendasd1.com/stockimages.tiendasd1.com/kobastockimages/IMAGENES/12002747.png
DESODORANTE MUJER SPRAY N. FEELING 150ML,6990,"150 ml (ml a $ 46,6)",D1,No image found
DESODORANTE PARA PIES EN SPRAY XEN 260 ML...,8900,"260 ml (ml a $ 34,23)",D1,No image found
DESODORANTE MUJER EN ROLL ON  NATURAL FEELING 7...,4490,"75 ml (ml a $ 59,87)",D1,No image found
DESODORANTE HOMBRE EN ROLL ON  XEN 75 ML,4490,"75 ml (ml a $ 59,87)",D1,No image found
JABÓN ESPUMOSO ANTIBACTERIAL MILEFIORE 270 ML...,5950,"270 ml (ml a $ 22,04)",D1,https://stockimages.tiendasd1.com/stockimages.tiendasd1.com/kobastockimages/IMAGENES/12003638.png
JABÓN LÍQUIDO NF AVENA Y COCO 1000ML,5490,"1000 ml (ml a $ 5,49)",D1,https://stockimages.tiendasd1.com/stockimages.tiendasd1.com/kobastockimages/IMAGENES/12006237.png
JABÓN LÍQUIDO NF AVENA Y COCO 500ML,3390,"500 ml (ml a $ 6,78)",D1,https://stockimages.tiendasd1.com/stockimages.tiendasd1.com/kobastockimages/IMAGENES/12006236.png
JABÓN LÍQUIDO NF OASIS SPA 1000ML,5490,"1000 ml (ml a $ 5,49)",D1,https://stockimages.tiendasd1.com/stockimages.tiendasd1.com/kobastockimages/IMAGENES/12006245.png
JABÓN LÍQUIDO NF OASIS SPA 500ML,3390,"500 ml (ml a $ 6,78)",D1,https://stockimages.tiendasd1.com/stockimages.tiendasd1.com/kobastockimages/IMAGENES/12006238.png
JABÓN LITTLE ANGELS 110G 3U,4900,"330 g (g a $ 14,85)",D1,https://stockimages.tiendasd1.com/stockimages.tiendasd1.com/kobastockimages/IMAGENES/12005498.png
JABÓN NATURAL FEELING 4 UN 440 GRS,4990,"440 g (g a $ 11,34)",D1,No image found
JABÓN TOCADOR ANTIBACTERIAL NF 110 G 3U,4850,"330 g (g a $ 14,7)",D1,No image found
JABÓN TOCADOR AVENA NF 110G 3U,4850,"330 g (g a $ 14,7)",D1,No image found
PAÑUELOS FACIALES EN CAJA RENDY 50 UND,3750,50 un (un a $ 75),D1,https://stockimages.tiendasd1.com/stockimages.tiendasd1.com/kobastockimages/IMAGENES/12000500.png
PAÑUELO FACIAL RENDY 4 PAQUETES - 10 UND POR PA...,2990,"40 un (un a $ 74,75)",D1,https://stockimages.tiendasd1.com/stockimages.tiendasd1.com/kobastockimages/IMAGENES/12000171.png
PAPEL HIGIÉNICO 3 H 12 UN RENDY 33 MTS,13940,"396 m (m a $ 35,2)",D1,https://stockimages.tiendasd1.com/stockimages.tiendasd1.com/kobastockimages/IMAGENES/12004365.png
PAPEL HIGIÉNICO 3 H 2 UN RENDY 33 MTS,2950,"66 m (m a $ 44,7)",D1,https://stockimages.tiendasd1.com/stockimages.tiendasd1.com/kobastockimages/IMAGENES/12004364.png
PAPEL HIGIÉNICO PREMIUM 3H 12U RENDY 32 MTS...,18950,"384 m (m a $ 49,35)",D1,https://stockimages.tiendasd1.com/stockimages.tiendasd1.com/kobastockimages/IMAGENES/12004367.png
TOALLAS DESECHABLES PARA MANOS RENDY 80 UND...,4250,"80 un (un a $ 53,13)",D1,https://stockimages.tiendasd1.com/stockimages.tiendasd1.com/kobastockimages/IMAGENES/12003392.png
PAPEL HIG 3H ULTRASUAVE RENDY 4UND 32MTS,7990,"128 m (m a $ 62,42)",D1,No image found
PROTECTORES DIARIOS FRESH & FREE 15 UND,1200,15 un (un a $ 80),D1,https://stockimages.tiendasd1.com/stockimages.tiendasd1.com/kobastockimages/IMAGENES/12000764.png
PROTECTORES DIARIOS NOSOTRAS 15 UND,1990,"15 un (un a $ 132,67)",D1,https://stockimages.tiendasd1.com/stockimages.tiendasd1.com/kobastockimages/IMAGENES/12005830.png
PROTECTORES FLEXY PANTY FRESH & FREE 60U,5990,"60 un (un a $ 99,83)",D1,https://stockimages.tiendasd1.com/stockimages.tiendasd1.com/kobastockimages/IMAGENES/12002840.png
TAMPONES DIGITALES MEDIO/SUPER FRESH & FREE 10 ...,4250,10 un (un a $ 425),D1,https://stockimages.tiendasd1.com/stockimages.tiendasd1.com/kobastockimages/IMAGENES/12002815.png
TOALLA DELGADA FRESH & FREE 12 UND,2600,"12 un (un a $ 216,67)",D1,https://stockimages.tiendasd1.com/stockimages.tiendasd1.com/kobastockimages/IMAGENES/12000762.png
TOALLA FEMENINA INVISIBLE NOSOTRAS 24 UND...,8550,"24 un (un a $ 356,25)",D1,https://stockimages.tiendasd1.com/stockimages.tiendasd1.com/kobastockimages/IMAGENES/12002481.png
TOALLA FEMENINA MALLA RED FRESH & FREE 12 UND...,2750,"12 un (un a $ 229,17)",D1,No image found
TOALLA FEMENINA NOCTURNA FRESH & FREE 8 UND...,3300,"8 un (un a $ 412,5)",D1,No image found
TOALLA FEMENINA NORMAL FRESH & FREE 12 UND...,2650,"12 un (un a $ 220,83)",D1,No image found
JABÓN INTIMO Y GEL PARA AFEITAR F&F,3750,"300 ml (ml a $ 12,5)",D1,No image found
ACETAMINOFEN CAPSULAS  DOLOFEN 10 UND,6850,10 un (un a $ 685),D1,https://stockimages.tiendasd1.com/stockimages.tiendasd1.com/kobastockimages/IMAGENES/12003561.png
ACTRON MAX® IBUPROFENO CAPSULAS LIQUIDAS X 4 UN...,5450,"4 un (un a $ 1.362,5)",D1,https://stockimages.tiendasd1.com/stockimages.tiendasd1.com/kobastockimages/IMAGENES/12003916.png
ALCOHOL ANTISÉPTICO PURIX 375 ML,2900,"375 ml (ml a $ 7,73)",D1,https://stockimages.tiendasd1.com/stockimages.tiendasd1.com/kobastockimages/IMAGENES/12003210.png
ALKA-SELTZER TABLETA EFERVESCENTE 6 UND,6550,"6 un (un a $ 1.091,67)",D1,https://stockimages.tiendasd1.com/stockimages.tiendasd1.com/kobastockimages/IMAGENES/12002677.png
ALKA-SELTZER EXTREME 4 SOBRES,9990,"4 un (un a $ 2.497,5)",D1,https://stockimages.tiendasd1.com/stockimages.tiendasd1.com/kobastockimages/IMAGENES/12006465.png
APRONAX LIQUID GEL 4 CÁPSULAS 275 MG,6990,"4 un (un a $ 1.747,5)",D1,https://stockimages.tiendasd1.com/stockimages.tiendasd1.com/kobastockimages/IMAGENES/12006233.png
BISBACTER 262 MG 5 UND,7990,5 un (un a $ 1.598),D1,No image found
BUSCAPINA COMPUESTA 6 UND,6990,6 un (un a $ 1.165),D1,No image found
COMPLEJO B CÁPSULAS X 10 UND,6250,10 un (un a $ 625),D1,No image found
CONDONES DUREX EXTRASEGURO 3 UNIDADES,7990,"3 un (un a $ 2.663,33)",D1,No image found
DOLEX GRIPA X 8 TABLETAS,8990,"8 un (un a $ 1.123,75)",D1,No image found
ELECTROLIT DE FRESA 625 ML,7990,"625 ml (ml a $ 12,78)",D1,No image found
EMULSIÓN DE SCOTT TRADICIONAL 180 ML,12900,"180 ml (ml a $ 71,67)",D1,No image found
GAVISCON EN SACHET 6 UND,11500,"6 un (un a $ 1.916,67)",D1,No image found
MULTIVITAMINICO CON MINERALES X 10 UND,7990,10 un (un a $ 799),D1,No image found
NOXPIRIN DÍA NOCHE SURTIDO CAJA X3 UND,4490,"3 un (un a $ 1.496,67)",D1,No image found
NUTREN LIQUIDO VAINILLA 1.5 200 ML,5400,200 ml (ml a $ 27),D1,No image found
OMEGA 3 CAPSULAS X 10 UND,6990,10 un (un a $ 699),D1,No image found
PASTILLA GARGANTA STREPSILES 8 UND,10700,"8 un (un a $ 1.337,5)",D1,No image found
SEVEDOL EXTRAFUERTE TABLETA 6 UND,7990,"6 un (un a $ 1.331,67)",D1,No image found
TAPABOCAS DESECHABLE PACK 12 UND,3990,"12 un (un a $ 332,5)",D1,No image found
TARRITO ROJO JGB TRADICIONAL 200 G,11600,200 g (g a $ 58),D1,No image found
VITAMINA C EN TABLETAS MASTICABLE CEBION 8 UND...,4750,"8 un (un a $ 593,75)",D1,No image found
VITAMINA D3 2000 UI CÁPSULAS X 10 UND,6250,10 un (un a $ 625),D1,No image found
VITAMINA E 400 UI CÁPSULAS X 10 UND,4750,10 un (un a $ 475),D1,No image found
AGUA OXIGENADA JGB 120 ML,3990,"120 ml (ml a $ 33,25)",D1,No image found
ASPIRINA EFERVESCENTE 500MG 6 TABLETAS,6650,"6 un (un a $ 1.108,33)",D1,No image found
ALLERZITINA 10MG 5 TABLETAS,10950,5 un (un a $ 2.190),D1,No image found
JARABE PARA NIÑOS ADOREM 60 ML,5990,"60 ml (ml a $ 99,83)",D1,No image found
ACEITE LITTLE ANGELS 180 ML,7990,"180 ml (ml a $ 44,39)",D1,https://stockimages.tiendasd1.com/stockimages.tiendasd1.com/kobastockimages/IMAGENES/12006224.png
ALGODÓN LITTLE ANGELS 50 G,1600,50 g (g a $ 32),D1,https://stockimages.tiendasd1.com/stockimages.tiendasd1.com/kobastockimages/IMAGENES/12000965.png
ALIMENTO LÁCTEO KLIM 1+ 252 GR,11950,"252 g (g a $ 47,42)",D1,https://stockimages.tiendasd1.com/stockimages.tiendasd1.com/kobastockimages/IMAGENES/12003449.png
CEREAL INFANTIL TRIGO MIEL NESTUM 200 G,11200,200 g (g a $ 56),D1,https://stockimages.tiendasd1.com/stockimages.tiendasd1.com/kobastockimages/IMAGENES/12002704.png
COLONIA LITTLE ANGELS 200 ML,7990,"200 ml (ml a $ 39,95)",D1,https://stockimages.tiendasd1.com/stockimages.tiendasd1.com/kobastockimages/IMAGENES/12006222.png
COMPOTA SABORES SURTIDOS BABY FRUIT 120 G...,1800,120 g (g a $ 15),D1,https://stockimages.tiendasd1.com/stockimages.tiendasd1.com/kobastockimages/IMAGENES/12000921.png
COPITOS LITTLE ANGELS 100 UND,2490,"100 un (un a $ 24,9)",D1,No image found
CREMA DERMOPROTECTORA LITTLE ANGELS 150 G...,5990,"150 g (g a $ 39,93)",D1,No image found
FÓRMULA LÁCTEA EN POLVO ENFAMIL HIERRO ETAPA 1 ...,29600,"375 g (g a $ 78,93)",D1,No image found
FÓRMULA LÁCTEA EN POLVO ENFAMIL HIERRO ETAPA 2 ...,29600,"375 g (g a $ 78,93)",D1,No image found
PAÑAL TALLA G LITTLE ANGELS 30 UND,22450,"30 un (un a $ 748,33)",D1,No image found
PAÑAL TALLA M LITTLE ANGELS 30 UND,17950,"30 un (un a $ 598,33)",D1,No image found
PAÑAL TALLA P LITTLE ANGELS 30 UND,14950,"30 un (un a $ 498,33)",D1,No image found
PAÑAL TALLA XG LITTLE ANGELS 30 UND,24950,"30 un (un a $ 831,67)",D1,No image found
PAÑAL TALLA XXG LITTLE ANGELS 30 UND,29900,"30 un (un a $ 996,67)",D1,No image found
SHAMPOO GEL DE BAÑO LITTLE ANGELS 400ML,6990,"400 ml (ml a $ 17,48)",D1,No image found
SHAMPOO JOHNSON°S BABY ORIGINAL 200ML,14950,"200 ml (ml a $ 74,75)",D1,No image found
SHAMPOO PARA BEBE LITTLE ANGELS 360 ML,4990,"360 ml (ml a $ 13,86)",D1,No image found
SNACK FRUTA SURTIDA CHIQUI CHUPS 125 G,2100,"125 g (g a $ 16,8)",D1,No image found
TOALLAS HÚMEDAS LITTLE ANGELS 10 UND,1150,10 un (un a $ 115),D1,No image found
TOALLAS HÚMEDAS LITTLE ANGELS 72 UND,3990,"72 un (un a $ 55,42)",D1,No image found
PEINA FACIL LITTLE ANGELS 250 ML,9990,"250 ml (ml a $ 39,96)",D1,No image found
ALIMENTO LÁCTEO 1+ KLIM ESENCIAL 252 GR,9500,"252 g (g a $ 37,7)",D1,No image found
ALIMENTO LÁCTEO EN POLVO EL RODEO NUTRI-RINDE 2...,8600,"270 g (g a $ 31,85)",D1,https://stockimages.tiendasd1.com/stockimages.tiendasd1.com/kobastockimages/IMAGENES/12002823.png
LECHES SABORIZADAS CHOCOLATE LARGA VIDA EN TETR...,4650,"600 ml (ml a $ 7,75)",D1,https://stockimages.tiendasd1.com/stockimages.tiendasd1.com/kobastockimages/IMAGENES/12002152.png
LECHE DESLACTOSADA TETRAPAK UHT LATTI 900 ML...,3400,"900 ml (ml a $ 3,78)",D1,https://stockimages.tiendasd1.com/stockimages.tiendasd1.com/kobastockimages/IMAGENES/12000245.png
LECHE DESLACTOSADA DESCREMADA LARGA VIDA EN TET...,3600,900 ml (ml a $ 4),D1,https://stockimages.tiendasd1.com/stockimages.tiendasd1.com/kobastockimages/IMAGENES/12001742.png
LECHE EN POLVO DESCREMADA LATTI X 350GR,9400,"350 g (g a $ 26,86)",D1,https://stockimages.tiendasd1.com/stockimages.tiendasd1.com/kobastockimages/IMAGENES/12005811.png
LECHE EN POLVO ENTERA LATTI 1000 G,20990,"1000 g (g a $ 20,99)",D1,https://stockimages.tiendasd1.com/stockimages.tiendasd1.com/kobastockimages/IMAGENES/12000270.png
LECHE EN POLVO ENTERA LATTI 350 G,8300,"350 g (g a $ 23,71)",D1,No image found
LECHE ENTERA TETRA PAK LATTI 200ML,1200,200 ml (ml a $ 6),D1,No image found
LECHE ENTERA TETRAPAK UHT LATTI 900 ML,3190,"900 ml (ml a $ 3,54)",D1,No image found
LECHE EQUILIBRIO TETRAPAK UHTLATTI 900ML,2990,"900 ml (ml a $ 3,32)",D1,No image found
LECHE CHOCOLATE LATTI BOLSA X200ML,1300,"200 ml (ml a $ 6,5)",D1,No image found
LECHES SABORIZADAS FRESA LARGA VIDA EN TETRA PA...,4650,"600 ml (ml a $ 7,75)",D1,No image found
LECHE SABORIZADA ALPIN PACK X3 185ML,8490,"555 ml (ml a $ 15,3)",D1,No image found
LECHE SÚPER CREMOSA LATTI X900ML,4490,"900 ml (ml a $ 4,99)",D1,No image found
ALPINITO SURTIDO FRESA O MELOCOTÓN 4 UND - 180 ...,5300,"180 g (g a $ 29,44)",D1,https://stockimages.tiendasd1.com/stockimages.tiendasd1.com/kobastockimages/IMAGENES/12001927.png
AREQUIPE LATTI 250 G,4490,"250 g (g a $ 17,96)",D1,https://stockimages.tiendasd1.com/stockimages.tiendasd1.com/kobastockimages/IMAGENES/12000257.png
AREQUIPE SIN AZÚCAR NATRI 250 GR,7990,"250 g (g a $ 31,96)",D1,https://stockimages.tiendasd1.com/stockimages.tiendasd1.com/kobastockimages/IMAGENES/12001282.png
AVENA ALPINA VASO 250 ML,3200,"250 ml (ml a $ 12,8)",D1,https://stockimages.tiendasd1.com/stockimages.tiendasd1.com/kobastockimages/IMAGENES/12004951.png
AVENA DESCREMADA VITA LATTI X250ML,2600,"250 ml (ml a $ 10,4)",D1,https://stockimages.tiendasd1.com/stockimages.tiendasd1.com/kobastockimages/IMAGENES/12005953.png
AVENA TETRA PAK LATTI 3UN x 200ML,4490,"600 ml (ml a $ 7,48)",D1,https://stockimages.tiendasd1.com/stockimages.tiendasd1.com/kobastockimages/IMAGENES/12003212.png
AVENA TETRA PAK LATTI 900ML,5490,"900 ml (ml a $ 6,1)",D1,No image found
BEBIDA CAFÉ VIEJO MOLINO X250 ML SURTIDA,4600,"250 ml (ml a $ 18,4)",D1,No image found
BEBIDA DE AVENA LATTI BOLSA X200 ML,1050,"200 ml (ml a $ 5,25)",D1,No image found
BEBIDA DE YOGURT MORA LATTI 1000 ML,3990,"1000 ml (ml a $ 3,99)",D1,No image found
BEBIDA LACTEA PROTEINA 250ML SURTIDA,4990,"250 ml (ml a $ 19,96)",D1,No image found
BEBIDA LACTEA YOGUR X3 TETRAPAK SURTIDO,4550,"600 ml (ml a $ 7,58)",D1,No image found
CREMA VEGETAL BATIDA EN SPRAY KÜLFI 250 G...,10890,"250 g (g a $ 43,56)",D1,No image found
CUAJADA LATTI 400 GRS,8850,"400 g (g a $ 22,13)",D1,No image found
DULCE DE LECHE LATTI 250 GRS,3750,250 g (g a $ 15),D1,No image found
FIOCCOSO HAPPY BLACK X 170GR,2600,"170 g (g a $ 15,29)",D1,No image found
YOX SURTIDO FRESA Y MELOCOTÓN ALPINA 4 UND - 40...,8750,"400 g (g a $ 21,88)",D1,No image found
KUMIS LATTI 6 UND - 1200 ML,6800,"1200 ml (ml a $ 5,67)",D1,No image found
KUMIS ENTERO DULCE BOTELLA LATTI 1000 ML,7990,"1000 ml (ml a $ 7,99)",D1,No image found
KUMIS VASO LATTI X 150ML,1990,"150 ml (ml a $ 13,27)",D1,No image found
LECHE CONDENSADA EN DOYPACK LATTI 300 G,4490,"300 g (g a $ 14,97)",D1,No image found
LECHE EN POLVO AZUCARADA LATTI X 350GR,8490,"350 g (g a $ 24,26)",D1,No image found
PETIT FRESA CHIQUI CHUPS 4 X 50 GR,2990,"200 g (g a $ 14,95)",D1,No image found
PETIT MELOCOTON CHIQUI CHUPS 4 X 50 GR,2990,"200 g (g a $ 14,95)",D1,No image found
SUERO COSTEÑO 200GR,3850,"200 g (g a $ 19,25)",D1,No image found
ALIMENTO LÁCTEO RODEO ESENCIAL X 350GR,9990,"350 g (g a $ 28,54)",D1,No image found
ALIMENTO LÁCTEO KLIM ESENCIAL X 300GR,9990,"300 g (g a $ 33,3)",D1,No image found
MIX CUBOS QUESO GHALIA 200 GR,9990,"200 g (g a $ 49,95)",D1,https://stockimages.tiendasd1.com/stockimages.tiendasd1.com/kobastockimages/IMAGENES/12005302.png
QUESO CREMA EMMENTAL/CHEDDAR 125 GR,9990,"125 g (g a $ 79,92)",D1,https://stockimages.tiendasd1.com/stockimages.tiendasd1.com/kobastockimages/IMAGENES/12003710.png
TAPAS DE QUESOS ESPAÑOLES GARCÍA VAQUERO 110 G ...,15950,110 g (g a $ 145),D1,https://stockimages.tiendasd1.com/stockimages.tiendasd1.com/kobastockimages/IMAGENES/12001217.png
CREMA DE LECHE LARGA VIDA LATTI 200 ML,2190,"200 ml (ml a $ 10,95)",D1,https://stockimages.tiendasd1.com/stockimages.tiendasd1.com/kobastockimages/IMAGENES/12001250.png
IMITACIÓN QUESO EN LONCHAS SABOR AMERICANO 272 ...,5990,"272 g (g a $ 22,02)",D1,https://stockimages.tiendasd1.com/stockimages.tiendasd1.com/kobastockimages/IMAGENES/12000523.png
IMITACIÓN QUESO EN LONCHAS SABOR MOZZARELLA 272...,5990,"272 g (g a $ 22,02)",D1,https://stockimages.tiendasd1.com/stockimages.tiendasd1.com/kobastockimages/IMAGENES/12000522.png
QUESADILLO RELLENO LATTERIA 65G SURTIDO,2950,"65 g (g a $ 45,38)",D1,No image found
QUESILLO BLOQUE LATTI 400 G,9490,"400 g (g a $ 23,73)",D1,No image found
QUESILLO TAJADO LATTI 400 G,9490,"400 g (g a $ 23,73)",D1,No image found
QUESITO ALPINA 185 G,5300,"185 g (g a $ 28,65)",D1,No image found
 QUESO BRIE CREAMY 125 GR,11950,"125 g (g a $ 95,6)",D1,No image found
QUESO CAMPESINO EN BLOQUE LATTI 250 G,6450,"250 g (g a $ 25,8)",D1,No image found
QUESO CAMPESINO BLOQUE LATTI X350G,8750,350 g (g a $ 25),D1,No image found
QUESO COSTEÑO BLOQUE LATTI 400GR,9990,"400 g (g a $ 24,98)",D1,No image found
QUESO CREMA LATTI 200 G,3300,"200 g (g a $ 16,5)",D1,No image found
QUESO HOLANDES GHALIA 150 GR,8490,"150 g (g a $ 56,6)",D1,No image found
QUESO IBÉRICO EN CUÑA TAJADA VIVA ESPAÑA 150 G...,15950,"150 g (g a $ 106,33)",D1,No image found
QUESO LATTI MOZZARELLA X 300GR RALLADO,9990,"300 g (g a $ 33,3)",D1,No image found
QUESO MOMPOSINO LATTI X 200 GR,8490,"200 g (g a $ 42,45)",D1,No image found
QUESO MOZZARELLA BLOQUE LATTI 400 G,9490,"400 g (g a $ 23,73)",D1,No image found
QUESO MOZZARELLA BUFALA 100GR,4990,"100 g (g a $ 49,9)",D1,No image found
QUESO MOZZARELLA TAJADO LATTI 400 GRS,9490,"400 g (g a $ 23,73)",D1,No image found
QUESO MOZZARELLA TAJADO X 250G LATTI,9490,"250 g (g a $ 37,96)",D1,No image found
QUESO MUENSTER/GOUDA GHALIA 150 GR,8490,"150 g (g a $ 56,6)",D1,No image found
QUESO PARMESANO ALPINA 120 GRS,12950,"120 g (g a $ 107,92)",D1,No image found
QUESO PARMESANO LATTI 100 G,6990,"100 g (g a $ 69,9)",D1,No image found
QUESO PERA LATTERIA 3 UND 114 G,4450,"114 g (g a $ 39,04)",D1,No image found
QUESO PERA LATTERIA 300 GR,9990,"300 g (g a $ 33,3)",D1,No image found
QUESO PROVOLONE GHALIA 115 GR,8490,"115 g (g a $ 73,83)",D1,No image found
QUESO SABANERO TAJADO LATTI 250 G,9990,"250 g (g a $ 39,96)",D1,No image found
QUESO SIETE CUEROS 250 G,9400,"250 g (g a $ 37,6)",D1,No image found
QUESO SUIZO GHALIA 140 GR,8490,"140 g (g a $ 60,64)",D1,No image found
QUESO TAJADO VITA LATTI 249 GR,9490,"249 g (g a $ 38,11)",D1,No image found
SIXPACK CHEESE STICK VITA LATTI 180GR,7490,"180 g (g a $ 41,61)",D1,No image found
SNACK QUESO CON BOCADILLO LATTERIA 60 G,1850,"60 g (g a $ 30,83)",D1,No image found
QUESO HOLANDES GHALIA 180GR,9990,"180 g (g a $ 55,5)",D1,No image found
QUESO PARA ASAR LATTI X200GR,6990,"200 g (g a $ 34,95)",D1,No image found
ALIMENTO PARA CACHORROS MAGIC FRIENDS 1000 G...,5490,"1000 g (g a $ 5,49)",D1,https://stockimages.tiendasd1.com/stockimages.tiendasd1.com/kobastockimages/IMAGENES/12001129.png
ALIMENTO HÚMEDO PARA CACHORROS PEDIGREE 100 G...,2750,"100 g (g a $ 27,5)",D1,https://stockimages.tiendasd1.com/stockimages.tiendasd1.com/kobastockimages/IMAGENES/12003278.png
ALIMENTO HÚMEDO PARA GATITOS WHISKAS 85 G...,2750,"85 g (g a $ 32,35)",D1,https://stockimages.tiendasd1.com/stockimages.tiendasd1.com/kobastockimages/IMAGENES/12003277.png
ALIMENTO HÚMEDO PARA GATOS WHISKAS 85 G,2750,"85 g (g a $ 32,35)",D1,https://stockimages.tiendasd1.com/stockimages.tiendasd1.com/kobastockimages/IMAGENES/12000930.png
ALIMENTO HÚMEDO PARA PERROS PEDIGREE 100 G...,2750,"100 g (g a $ 27,5)",D1,https://stockimages.tiendasd1.com/stockimages.tiendasd1.com/kobastockimages/IMAGENES/12000931.png
ALIMENTO P GATOS MAGIC FRIENDS 1000 GR,10950,"1000 g (g a $ 10,95)",D1,https://stockimages.tiendasd1.com/stockimages.tiendasd1.com/kobastockimages/IMAGENES/12005304.png
ALIMENTO PARA GATOS MAGIC FRIENDS 1000 G,6300,"1000 g (g a $ 6,3)",D1,No image found
ALIMENTO PARA PERROS MAGIC FRIENDS 2000 G...,9950,"2000 g (g a $ 4,97)",D1,No image found
ALIMENTO PREMIUM PARA PERRO MAGIC FRIENDS 2000 ...,9990,2000 g (g a $ 5),D1,No image found
ARENA PARA GATOS MAGIC FRIENDS 4500 G,14850,"4500 g (g a $ 3,3)",D1,No image found
BOLSAS DESECHOS DE MASCOTAS M FRIENDS,4300,"60 un (un a $ 71,67)",D1,No image found
CÁBANO MAGIC FRIENDS 12 UND,1990,"100 g (g a $ 19,9)",D1,No image found
GALLETAS PARA GATOS MAGIC FRIENDS 75G,2200,"75 g (g a $ 29,33)",D1,No image found
GALLETAS PARA PERROS MAGIC FRIENDS 150 G,2900,"150 g (g a $ 19,33)",D1,No image found
TOALLITAS HÚMEDAS MASCOTAS QSH 48 UND,4300,"48 un (un a $ 89,58)",D1,No image found
RINGO ACTIVO ADULTO 1.5 KG,8350,"1500 g (g a $ 5,57)",D1,No image found
SNACK CREMOSO PARA GATOS MAGIC FRIENDS,7990,"4 un (un a $ 1.997,5)",D1,No image found
ALIMENTO COMPLETO PARA PERROS MF 400 GR,7990,"400 g (g a $ 19,98)",D1,No image found
